nombre,categoria,ciudad,latitud,longitud,direccion,telefono,sitio_web,imagen_url,servicios
Crocante Yopal Restaurante,Restaurante,Yopal,5.3481265,-72.3944519,"Cra. 25 #11 75, Yopal, Casanare",316 8229135,linktr.ee,https://lh3.googleusercontent.com/gps-cs-s/AHRPTWncYD--ssH3ulWy6t9RATlWdTBUxuxeIzNv5po031owpasAo6nJ-ME0fJSLhJXmHb_6-1d9XULMvokv3j6jZqpIQzWH4MG1Je91h9UVCM1ssVdTAOLtpyahlaZWHlfp-k3TMn6XPNlSKaE=w408-h828-k-no,", Consumo en el lugar, Pedidos desde el automóvil, Entrega sin contacto"
Humero Parrilla Bar,Restaurante,Yopal,5.3454648,-72.3896572,"Cl. 17 # 28-49, Yopal, Casanare",310 6999241,humeroparrilla.com,https://lh3.googleusercontent.com/gps-cs-s/AHRPTWlb_oN9dK6zQFNnxENl79Oz2VI-5PH6uhAtxtH2gn8ksIMHVzp7fcU5KrEMvMRz1dm7Vx-qgQWZzG7CArzGsvOAd-bohaVXpMzIhvX9ofaOqUajKqMPvotLXsfJ3qxC8isBjIzPL0ni6oy5=w408-h306-k-no,", Consumo en el lugar, Retiros en la puerta, Entrega sin contacto"
Los Compas De La 30,Restaurante,Yopal,5.3294033,-72.3947355,"Tv. 15 #29b-44 a, Yopal, Casanare",310 3068481,,https://lh3.googleusercontent.com/gps-cs-s/AHRPTWnPXNYaQg_jyE5tUZ6u5BNq6wEZBg6XD0mxceZ4-woQ7uC7VH2-V1laujZRiQU6a_hwiqKAPZ9bYXzYOGgNd6xcPP33yYuvNuGAPYXM90Jjm8VttFKNJw_ulfaeQ4X8H1zO0Dyukg=w426-h240-k-no,", Consumo en el lugar, Para llevar, Entrega a domicilio"
Smash Grill Yopal,Restaurante,Yopal,5.3381579,-72.3916638,"Cra. 23 #22-86, Yopal, Casanare",321 3245670,,https://lh3.googleusercontent.com/gps-cs-s/AHRPTWnV4Ci89DK-uDhEg7vQZmgzXXHL-nu8E8hpsN5COiVd5kmWm4oaDTGNXKZTguEFBb-ISg6JS2sxk2P2b9xrSXn7Vzo4V26r8UM7xDugHMqcq-dKL1IVAsJQ1yQnYZ1rt7aTooWQVkPwuLn7=w408-h884-k-no,", Consumo en el lugar, Pedidos desde el automóvil, Entrega sin contacto"
Chez Dom,Restaurante,Yopal,5.3486099,-72.3974561,"Cra. 23 #9-72, Yopal, Casanare",319 5910945,,https://lh3.googleusercontent.com/gps-cs-s/AHRPTWlRRhmXtGhpvJV_oyLO_UySG7c_ch7CLET5iQZFj6cyWeeldK2VwbGY3giPXy2i70GryjQNnNXouzPfrBYWjtbOV2mNz2eJsm9s7-leM62lRPFRJzOy5x15wttAJqdJfIjAPC9pDA=w408-h544-k-no,", Consumo en el lugar, Pedidos desde el automóvil, Entrega a domicilio"
Ferreteria Nacional de Materiales,Tienda de materiales para la construcción,Yopal,5.3397287,-72.3973961,"Cra. 19 #18 -36, Yopal, Casanare",310 3450033,nacionaldemateriales.com,https://lh3.googleusercontent.com/gps-cs-s/AHRPTWnl7bt3CLFd8IjcKnNqKe_WZIIXaJiVRZ5BHb6fbjhbM37BZK5gsth_Mf6f0JWJDJACetwP-pVJTY9ntkXpIFrEo2qdLxQl9Z_rzsRFlbEmR6u8xzyVpVRPCv2QEwbbssDFDmRCNrvgdI2j=w408-h542-k-no,", Entrega a domicilio, "
Construvarios SAS,Ferretería,Yopal,5.333185,-72.401218,"Cl. 24 #12-26, Yopal, Casanare",314 2993942,construvarios.com,https://lh3.googleusercontent.com/gps-cs-s/AHRPTWkgEb5fLpaJh-DnRb5UVIBhVJR_WEimafjvhaeUgUh4AgjkI32a6kx91eBxBqYrbaZdIyx-QNYGMVlqXP9JpBy7yAjSaUiN5gRO77pIWB1U8jriAc4EXiHjUyAjk7xcFchRAmXE=w569-h240-k-no,", Entrega a domicilio, "
Ferreteria La Urbanizadora,Ferretería,Yopal,5.3200048,-72.397871,"Yopal, Casanare",,,https://streetviewpixels-pa.googleapis.com/v1/thumbnail?panoid=o8Ahx5zpK7A9WLmLnHQRlA&cb_client=search.gws-prod.gps&w=408&h=240&yaw=345.86636&pitch=0&thumbfov=100,", Entrega a domicilio, "
Herrajería y Ferretería El Carpintero,Proveedor de materiales de construcción,Yopal,5.3156964,-72.4031964,"Cra. 6a #42a 40, El Banco, Yopal, Casanare",316 8735894,,https://streetviewpixels-pa.googleapis.com/v1/thumbnail?panoid=gLS9E_tiACims_a0LnkxDA&cb_client=search.gws-prod.gps&w=408&h=240&yaw=255.58722&pitch=0&thumbfov=100,
Ferreteria Metales Y Servicios,Ferretería,Yopal,5.3179985,-72.3997089,"Cra. 10a ##40-1 a, El Banco, Yopal, Casanare",320 2039528,,https://streetviewpixels-pa.googleapis.com/v1/thumbnail?panoid=WCSETrTxyJWD01p6R-LIWQ&cb_client=search.gws-prod.gps&w=408&h=240&yaw=70.80557&pitch=0&thumbfov=100,", 4.8, (6), Ferretería"
Droguería Alemana MARKET,Farmacia,Yopal,5.3285157,-72.3979705,"BARRIO VILLA ROCIO, Cl. 30 #14-03, Yopal, Casanare",320 4435373,tudrogueriavirtual.com,https://lh3.googleusercontent.com/gps-cs-s/AHRPTWmchcSDUYLRmwlKDuXLwSAp6OgHHZZGpLJbiZfaHkSQvg2ns1q0sc4wZ6FHxYzOaHQKq789WDb5CEIpcdeVrF99pEXjy4f_F37ifEZYPuEdgmIM0apJv17qkjrbuy4LwO8xE83x=w408-h306-k-no,", Entrega a domicilio, "
Super Droguería Farmacity Yopal - Domicilios gratis en todo Yopal,Farmacia,Yopal,5.3349007,-72.3895978,"Cra. 23 #27-05, Yopal, Casanare",320 8880787,ybts7ioy5r6xq.ok.kimi.link,https://lh3.googleusercontent.com/gps-cs-s/AHRPTWmQtwdQdWs_MdqxPQeRPpYsu_daN43it7jWeBGOhP5P_kxlEc1vwJ-74sjIsyh9E7-Uy4vsQljQazOj42K12XeQ5yRwXE--7hTllUiFGQ0Ka_mRjUNrJkCmTbjtLkbCTpJzamGoTdXl0lw=w408-h474-k-no,", Compras en tienda, Retiro en tienda, Entrega a domicilio"
Droguería La 40,Farmacia,Yopal,5.3184479,-72.39906,"Cl. 40 #7-81, Yopal, Casanare",(608) 6332529,,https://streetviewpixels-pa.googleapis.com/v1/thumbnail?panoid=lLe9XxEpT_1MvP30XxSx8w&cb_client=search.gws-prod.gps&w=408&h=240&yaw=74.29481&pitch=0&thumbfov=100,", Entrega a domicilio, "
Drogueria Servidrogas Gavan,Farmacia,Yopal,5.3414074,-72.3968111,"800001, Cra. 20 #16 - 77, Yopal, Casanare",322 7082726,,https://lh3.googleusercontent.com/gps-cs-s/AHRPTWmDvqnegV1aKU9ZrPoaBftS99BSdPa6B0nQdBIOenWd_ZI-EhJPEmo3cSqyM-8WbmlT8PvV3Ev64G_KeqK66nXJfiFFcR1loQWmKrUgbuUTbT9QNKAWkKcULp5zzvLGZDJ6RS0=w426-h240-k-no,", Compras en tienda, Entrega a domicilio, "
Droguería Unifarma La 30,Farmacia,Yopal,5.3298948,-72.3928943,"Cra. 18 #30-15, Yopal, Casanare",320 9216460,facebook.com,https://lh3.googleusercontent.com/gps-cs-s/AHRPTWn41PU3W5EhtRNfeQLs6x5HZaENmWUjme0qh3PaqpGDn865ijxvRH1ExSJ5NgzjA3fv9mieSa9fGXuwpFAOZ4Eh4e65XzOtARirO8LgmqB4YSC3deB0igC1O0tVdlC7LCYSwbLWNA=w408-h340-k-no,", Entrega a domicilio, "
Almacenes SuperMio Yopal,Supermercado,Yopal,5.3181261,-72.3977951,"Cl. 40 #11-100, El Banco, Yopal, Casanare",86333255,,https://lh3.googleusercontent.com/gps-cs-s/AHRPTWlTFuysFW4zfxDPuZqKMRN44cJ0L5etr3yAF8EuLAXv0b22-fDfOannqafQljm83E2IyWiY82Xp-Nc2Kh8H-6uiNjs-moto0V4UuYSSexzIiB-u-8SpJIEYTaSjzqFOZm2aNE8=w489-h240-k-no,", Entrega a domicilio, "
Mer14 Express,Supermercado,Yopal,5.3267502,-72.3973622,carrera 14 #31a,311 8033402,,https://lh3.googleusercontent.com/gps-cs-s/AHRPTWkWp01mD_A_1JAmSrLgqDelkKlvqAimA-H68UQ3rHpX50YabP9qJ3c2winnmlcTxTrXRU6gBRVwxEaIqyvc1b4pRySxX3ODuJDuo8ga8emyk13xjhrE5p-c3fRktkfC-SDf0hk=w408-h408-k-no,", Entrega a domicilio, "
Tiendas D1,Supermercado,Yopal,5.3187063,-72.3955166,"Cl. 40 #14-28, Yopal, Casanare",,,https://lh3.googleusercontent.com/gps-cs-s/AHRPTWlml9C3GP1LIj8ARfktYSeOCc1QPhyJReCWFK1ZdpZ_wSfWN-HcA6ZY0xGUz_fquVya-f0f9HdxECX6flFA19BA7YkqFMWJb3GsrhRp4CVs7efE6OkaUXDqkVgBScc0qagcXdbU=w408-h725-k-no,", Entrega a domicilio, "
Supermercado Los Paisas,Supermercado,Yopal,5.3349483,-72.3948732,"Cra. 19 #24-18, Yopal, Casanare",323 2809430,,https://lh3.googleusercontent.com/gps-cs-s/AHRPTWnDw55QX7h3s6DYSRj88XjbRQ4xbeltgtaA_pdcSBs0evmx3435ow9FFriWy_SyURU1SaFpqfDQGEELbdbYCzJZhDHQKfwt1F98ZKNNla99X3PbSPS4WdwYCri9_8w8LE-CYCAIsQ=w408-h306-k-no,", Entrega a domicilio, "
Supermercado Surtimix,Supermercado,Yopal,5.318902,-72.3945156,"Cl. 40 #15-04, Yopal, Casanare",313 5905864,,https://lh3.googleusercontent.com/gps-cs-s/AHRPTWknm68G3T7EKPvv_aiOeNBy8MwYCdlWx9IDfMgSA3bIz7Qz7lwD8A2Iw-gtRae5FYhbvtWfy5EqSQVohXxDhTi5jdQzIHa2SnAunQCDltDOwhIvs6t2icdzejLVIbsh87FuYE5KOpvG-04n=w408-h544-k-no,
Taller mecánico JF Automotriz,Taller mecánico,Yopal,5.3337446,-72.4005119,"1ª de mayo #850001, Yopal, Casanare",313 3845221,,https://streetviewpixels-pa.googleapis.com/v1/thumbnail?panoid=IqJXKJluF7mc4BIC-kolaA&cb_client=search.gws-prod.gps&w=408&h=240&yaw=304.03116&pitch=0&thumbfov=100,
Taller Mecánica JFIN,Taller de reparación de automóviles,Yopal,5.3240602,-72.3987123,"Cl. 34 #12A - 04, Yopal, Casanare",313 8405741,,https://lh3.googleusercontent.com/gps-cs-s/AHRPTWl0sjdlQqkjD51DBJytI-HXMLiDMGRIcd7tVsUeUSdQVaEdoPEhP5zsLUFXvUq9EqTrbnQDXatvSpt5f6zRRO7OExYxR8fISVsxIoaUv6ekgEf7Q9o7Cw5oDIL_-neyNWYsXJ_L=w408-h897-k-no,
Mecánica Automotriz TECNICHILTON,Taller mecánico,Yopal,5.3398794,-72.3983814,"Cra. 18 #17 - 68, Yopal, Casanare",311 5550524,,https://lh3.googleusercontent.com/gps-cs-s/AHRPTWluoETk51EyjRsDNwH-DGVU-_1ecANytnAWV8ekAzAYR620pZXYLiy5ynI8yu_B4Dbm63JQDABdLys8xUFhk8a6Ko6AxHPfjKwW7CoDBoWoxDeyYqq_BQlGzc5MBbIOepFN0foGog=w408-h306-k-no,
Mecánica Automotriz AutoVargas,Taller mecánico,Yopal,5.3350526,-72.3969916,kra17#23-04,314 2376038,,https://lh3.googleusercontent.com/gps-cs-s/AHRPTWnW3p1OD-6sxFW54srsmlDlo0uN8EDa7vPIhb6_PN46hE7FU7EVbdtgLJOuga9reMMKU-Qn-K00V_zJaIoTAY8MaKdJf4J6QWVskwhq4XeSE8SzISMp9Ig0Zd1la95LVov_oXg=w408-h544-k-no,
Montallantas Automático 24 Horas,Taller mecánico,Yopal,5.3364274,-72.3927983,"Cl. 24 #2192, Yopal, Casanare",,,https://lh3.googleusercontent.com/gps-cs-s/AHRPTWkomapZF9O9IH5FYzhUs_ky8pK4EJX8ZRaD6Mdc9gca0pvxRDnEWIrbUvkynKmRscvE2DAs-IdjjZjk7WHk08LWWoMB_MABcI99IaNeZr3OOOgshY5k9SR5wIU4uF6dxfDnMnWq=w426-h240-k-no,
YL shop,Tienda de ropa de mujer,Yopal,5.3241194,-72.398218,"850001, Yopal, Casanare",310 2004428,,https://streetviewpixels-pa.googleapis.com/v1/thumbnail?panoid=ukQDCNPbuN_IkgcSLgjU7A&cb_client=search.gws-prod.gps&w=408&h=240&yaw=235.63406&pitch=0&thumbfov=100,", Entrega a domicilio, "
Boutique Pijamas Yopal,Tienda de ropa de mujer,Yopal,5.3238232,-72.394819,"barrio el nogal, Calle 35 A #16-09, Yopal, Casanare",320 8843090,wa.me,https://lh3.googleusercontent.com/gps-cs-s/AHRPTWlD8NyBc1ISNOePn8Bh08qald_SxVowJIk5olSN1m6-g89hgED7QD4GD55d5MNi2aCmMkPdVxBV4eyuExvVOCWP5GtDhu0_vPTbkwlnOGWtLf7TZxJ-7UHqSq_0wguoDxFi2PaQEw=w408-h408-k-no,", Compras en tienda, Retiros en la puerta, Entrega a domicilio"
Boutique Yopal | Ropa Deportiva Yopal | Gym | Ropa Elegante Yopal | Michell Salinas,Tienda de ropa de mujer,Yopal,5.333694,-72.3983621,"Cl. 24a #14-70, Yopal, Casanare",321 3219822,,https://streetviewpixels-pa.googleapis.com/v1/thumbnail?panoid=cmql3kx93_sdTMugW1Rr8Q&cb_client=search.gws-prod.gps&w=408&h=240&yaw=325.10864&pitch=0&thumbfov=100,
Danna's Closet,Tienda de ropa,Yopal,5.3312394,-72.3916417,"Cra. 20 # 29-46, Yopal, Casanare",,,https://streetviewpixels-pa.googleapis.com/v1/thumbnail?panoid=vNaO4BUXEJp1tg0TxvNLuw&cb_client=search.gws-prod.gps&w=408&h=240&yaw=260.1367&pitch=0&thumbfov=100,", Entrega a domicilio, "
Alta Moda Yopal,Tienda de ropa,Yopal,5.3463302,-72.4001971,"Cl. 10 #19-52, centro, Yopal, Casanare",310 4158171,,https://lh3.googleusercontent.com/gps-cs-s/AHRPTWl1vdt2pyH3UgW7O-zUh9cDgZ2Nx6fehUFVQHcMcGsxgw-BvIIy4E3lvefZuY1YHDQAbHTGqSVU1xqHyYm3O1w2KTQ24dtUsb-s6DLz3eFELFMjOlZPfPG9ZtEnWQTlvZlUYpMvTpex4XKu=w408-h544-k-no,
Papeleria Din-O,Papelería,Yopal,5.3214861,-72.3973203,"Cl. 37 #13-05, Yopal, Casanare",302 8377238,,https://lh3.googleusercontent.com/gps-cs-s/AHRPTWmyAEGTsdwfM-wo4169ifNl2HxiY9qfdWyu7q7ZHnHeKV-P8GWPYwBewHs9MPrYvqUKCxculE2b7uj2dxHGzPVEZr6SOp6vP--_tgLJ6x9cb7gbr8HxL0udylO2X4hZZVQYJbgm=w532-h240-k-no,", Entrega a domicilio, "
Laprimaverapapeleria,Papelería,Yopal,5.325727,-72.395649,"Cl. 33 #14-30, Yopal, Casanare",,,https://streetviewpixels-pa.googleapis.com/v1/thumbnail?panoid=Q8lDkouDg4E9BzzgmstITQ&cb_client=search.gws-prod.gps&w=408&h=240&yaw=179.0278&pitch=0&thumbfov=100,
Papelería San Andrés,Tienda de regalos,Yopal,5.322571,-72.3989253,"CRR 12 #35 - 70, Yopal, Casanare",301 7131190,,https://streetviewpixels-pa.googleapis.com/v1/thumbnail?panoid=ketSTbcMgz8Q95C8dGZXtw&cb_client=search.gws-prod.gps&w=408&h=240&yaw=232.67674&pitch=0&thumbfov=100,
Papelería JB,Papelería,Yopal,5.3435169,-72.3980742,"Cra. 20 #15 # 14, Yopal, Casanare",320 4560346,,https://lh3.googleusercontent.com/gps-cs-s/AHRPTWkp903zb3LfYbIuYgmw3lm6yuI9UQOI9xUuOAUD8MHAqISm39-Id5h4ZaxCDR6U2VLmeA9n91JVOEm0lukduvhZ46Id2YcQcciavKR1BSB3tgZ2I69_YEN97DPmMFV93QrzdXgh=w408-h816-k-no,", Entrega a domicilio, "
Papeleria Feria Colegial,Comercio,Yopal,5.3244997,-72.4028397,"Tv. 7, Yopal, Casanare",,,https://streetviewpixels-pa.googleapis.com/v1/thumbnail?panoid=i8Yi26qoturTS81dEe3bew&cb_client=search.gws-prod.gps&w=408&h=240&yaw=246.93169&pitch=0&thumbfov=100,", Entrega a domicilio, "
Jero Parrilla,Restaurante,Aguazul,5.1781881,-72.551004,"Diagonal 23 & Calle 15, Aguazul, Casanare",322 5202971,,https://lh3.googleusercontent.com/gps-cs-s/AHRPTWnSaMsbmvKnfKSeRuaZiqK20Z4IKkWre4sKwdTC_zJjdMypIyC_M56cLOrT8UwnyZj6zZy639jGXPvQnkEVAh6zTAmKQlSPdMXPLJMkDdss-5VIxxR-zuqwJedWHEODQbPMQ-E=w408-h544-k-no,", Consumo en el lugar, Pedidos desde el automóvil, Entrega sin contacto"
sopas de la abuela,Restaurante,Aguazul,5.171909,-72.549934,"Cl. 11 #17-60, Aguazul, Casanare",321 3335773,,https://lh3.googleusercontent.com/gps-cs-s/AHRPTWnVbkcMH2bmd2gA-UzdP7D6f_pyFFZP-PqF1lMgUaKOH_QLC07ZUEqySKVco8gowClHeeXSOvKT7P5cI9gf5ttZCPeLsAm7-Wp67BIzF-iYrtC4Se2pEv2MnwGkYAbNV9PMeJMJ=w408-h544-k-no,", Consumo en el lugar, Para llevar, Entrega a domicilio"
El Fogon Santandereano,Restaurante,Aguazul,5.1797282,-72.5676725,"Aguazul, Casanare",,,https://lh3.googleusercontent.com/gps-cs-s/AHRPTWlQfp42H2sYCDeZgUldb-AOenbedCvfwi89GJBJoXHBhBt82DE9xAhW5kuCwDoAPRryAbURk6E7u-HcQnAR6H93y_7TUePZr2Fw0PfAyrlfyIzx2Hk852hhxiqPmSAPea_lqu2CEQ=w408-h306-k-no,", Consumo en el lugar, Para llevar, "
Hotel & Restaurante Atardecer Llanero,Restaurante,Aguazul,5.1804111,-72.569269,"Transversal 36 km 0 715, Aguazul, Casanare",311 4771540,,https://lh3.googleusercontent.com/gps-cs-s/AHRPTWkhc8BGKByaZlyX9hjy6BTbXD-cOUQsAFKtVulw9qgYSobbRi-gLVC91fnF8Qi8Mc5BwvNMCxv3d_dFarV5xaeomGPxb9H5Ka8nKCuDkG54lEKpb1DkjOvEQFp3pK_g3X4I8-T-Xw=w408-h544-k-no,", Consumo en el lugar, Para llevar, "
"Hamburguesas del LLANO - Aguazul, Casanare.",Restaurante,Aguazul,5.1702213,-72.5507525,"# a 9-114 92 Carrera 17, Aguazul, Casanare",312 3739960,facebook.com,https://lh3.googleusercontent.com/gps-cs-s/AHRPTWlCkgq1uXeyj8VL1gLGDNdc-vTiFxUmwJ0M53ZYty-as5nEllpHT6JoyyL4-RRC5NGrDSaqUcGk2AGt_MxJPLiRpsv4kOP4d1zwWMJ0sUmwB6I1LBqNZeJpBU4JO28ZyXfMe6Y=w408-h306-k-no,", Consumo en el lugar, Pedidos desde el automóvil, Entrega sin contacto"
FERRECAMPO EL VEGUERO,Ferretería,Aguazul,5.1724473,-72.5519075,"Cl. 10 #20-11, Aguazul, Casanare",313 4242954,instagram.com,https://lh3.googleusercontent.com/gps-cs-s/AHRPTWnLWvaORSWtiqIWHWiEexJdsHFPtm01yDFn08tNeMvs0_4ptZujnswP6_BTR12OMY5yNZpiGCe-CV1C7elMKePE5rR9fRm4YjQFwvx0z3mGGkyHHZ8mNj0MUtMt6R_-a29WWRo3=w408-h306-k-no,", Compras en tienda, Entrega a domicilio, "
Ferretería atalayas,Ferretería,Aguazul,5.1202219,-72.5801327,"Aguazul, Casanare",318 8023641,,https://lh3.googleusercontent.com/gps-cs-s/AHRPTWnB7-tXPGJRd4azoeBRvZUiw-zrX09S9VQj-PqqCVfAmlvJwSQYA-x_49LHMw4zBhbrw6fIrKpfmXalnsg-dRtTzV59LvjbU3n2QD56RhGBRs1soji-80-v10ScQI50rprw7xyzerNIK38=w408-h307-k-no,", Entrega a domicilio, "
Ferreteria RA - Cementos Argos,Ferretería,Aguazul,5.173283,-72.5500147,"Cl. 14 #N. 10 66, Aguazul, Casanare",,,https://streetviewpixels-pa.googleapis.com/v1/thumbnail?panoid=1Bb1vFsDYyrhsx_nNpu5lw&cb_client=search.gws-prod.gps&w=408&h=240&yaw=327.7878&pitch=0&thumbfov=100,", Entrega a domicilio, "
FERRETERÍA RA BODEGA,Ferretería,Aguazul,5.1752665,-72.549691,"Cl. 14 #20-2 a 20-98, Aguazul, Casanare",,,https://streetviewpixels-pa.googleapis.com/v1/thumbnail?panoid=g0j29rUSgtxloH5lF9rzVg&cb_client=search.gws-prod.gps&w=408&h=240&yaw=247.59074&pitch=0&thumbfov=100,", Entrega a domicilio, "
FERRELECTRICOS AGUAZUL,Tienda de electricidad,Aguazul,5.1715321,-72.5525381,"Cra. 20 #8-24, Aguazul, Casanare",314 3558373,,https://lh3.googleusercontent.com/gps-cs-s/AHRPTWkkVc-57v5py6WxqlB4Et6XRg5fgf_2LtL4CA8davw2SwawsezYR7b9ETA0DqZR9fh2VW_SI0mDk1qbJT8pD_MsRIhBdkqHBq9kqfM0clIVrfwgS5cRMTph2R48lQ4kvp3r8IDuyOrNrJw8=w408-h306-k-no,", Entrega a domicilio, "
la rebaja No. 1 DROGUERIA Hospital Aguazul,"Tienda de comestibles, periódicos y medicamentos",Aguazul,5.1707305,-72.5495312,"Cra. 16 #10-71, Aguazul, Casanare",317 3004444,larebajavirtual.com,https://lh3.googleusercontent.com/gps-cs-s/AHRPTWk_L4L1CtlswV410_lnoyQAsHgBvsqGA4UOcXOI-XpoLXPz42Go08fQHSK9ti9nkpQqhBZCBQJoVAj7ulHX3UjNARqpUmDEXMjtpuy9Qinpi29IWxayhebR0g2H4WMiOH8EjMMZ=w408-h241-k-no,", Compras en tienda, Entrega a domicilio, "
DROGUERÍASUPER SALUD,Farmacia,Aguazul,5.1712748,-72.5445152,"Cra. 12 #15-10, Aguazul, Casanare",,,https://streetviewpixels-pa.googleapis.com/v1/thumbnail?panoid=yGpxzKZdmLVNB7JQSu5GIA&cb_client=search.gws-prod.gps&w=408&h=240&yaw=105.54937&pitch=0&thumbfov=100,", Entrega a domicilio, "
Farmacenter Alkosto,Farmacia,Aguazul,5.176115,-72.549232,"Cra. 21 #14-71, Aguazul, Casanare",86383073,farmacenter.com.co,https://lh3.googleusercontent.com/gps-cs-s/AHRPTWn7GY7PbgdYAb0dX_-Z4YkmfeG-jjU_irbWmkqD0fTxFv7A_fK0uqwATtrLZnTUIOF33-YApecxzIM_EF0VBPya5wqytG03auxMDM1j23ZLvaQ-5ARbluALRYCiyys4D5-DuNiRMg=w426-h240-k-no,", Compras en tienda, Entrega a domicilio, "
Drogueria Multivida Jose Luis Reyes Prada,Farmacia,Aguazul,5.171592,-72.5495658,"Cl. 11 #03 # 17, Aguazul, Casanare",,,https://lh3.googleusercontent.com/gps-cs-s/AHRPTWmGuOz-TIvT51uYbfEemMqSkmdCq5y8v7w7dvVAcUoOSB7f0TLrOjyDIb4fYoNo3vF3UQyWVN-W6C3r0HZZ1c8BLahkNu_0Nsj_IfkX9GbbiwB9MEY1do6D3CoE_1e7umfsMXGO=w408-h306-k-no,", Entrega a domicilio, "
Farmacenter Tua,Farmacia,Aguazul,5.1697408,-72.5504906,"Cl 9 #16-01, Aguazul, Casanare",86384820,,https://streetviewpixels-pa.googleapis.com/v1/thumbnail?panoid=_cMh4uBIgtIxG8e0DeNQ1g&cb_client=search.gws-prod.gps&w=408&h=240&yaw=295.83743&pitch=0&thumbfov=100,", Entrega a domicilio, "
Centro Fruver,Tienda de alimentación,Aguazul,5.172436,-72.5506405,"Cra. 19 #10 - 36, Aguazul, Casanare",,,https://lh3.googleusercontent.com/gps-cs-s/AHRPTWkjsjgFDt9WVoQwekqYx3WNyqT3oCJdsUupz3q9A-oCxMe8CHsFPvlGm7I3rvySsaDGDp_fsgDTiVhiAZ4-UfgYU_tS3BCYHkfAN4f6cU53saTDDKk7jhQAiOMbYHZbRYReAYbJVg=w408-h306-k-no,
Supermercado Donde Flor,Tienda de alimentación,Aguazul,5.1694198,-72.5429799,"#9- a 9-105,, Cl. 15 #121, Aguazul, Casanare",,,https://streetviewpixels-pa.googleapis.com/v1/thumbnail?panoid=xIWOfpbElSZuGL5v_eZtcg&cb_client=search.gws-prod.gps&w=408&h=240&yaw=193.85817&pitch=0&thumbfov=100,", Entrega a domicilio, "
Tienda La INGLESA,Supermercado,Aguazul,5.164147,-72.5451361,"#8-55 a, Cra. 8, Aguazul, Casanare",,,https://lh3.googleusercontent.com/gps-cs-s/AHRPTWnNdudUcJd4DGuFemF2PcuNmLp5x2tx6Irm1TmE3tSfVArFQQOeocke3VVJgjuYvxhIIxG9_pyQrzLUYNO5pflAiD9IxDibKr2dJ9tybtrXnC1lDglAh4vug1FaGccNSGfm5mWq=w408-h306-k-no,", Entrega a domicilio, "
Supermercado Juliley,Tienda de alimentación,Aguazul,5.1699803,-72.5458953,"Cra. 12, Aguazul, Casanare",,,https://streetviewpixels-pa.googleapis.com/v1/thumbnail?panoid=nhawfW3ytxDZ_Ku15hYFCA&cb_client=search.gws-prod.gps&w=408&h=240&yaw=162.45459&pitch=0&thumbfov=100,", Entrega a domicilio, "
Supermercado El Dorado,Supermercado,Aguazul,5.1708806,-72.5521424,"Cra. 19 #8-26, Aguazul, Casanare",,,https://streetviewpixels-pa.googleapis.com/v1/thumbnail?panoid=JeYcoAVlyXGciOnv-WgMCg&cb_client=search.gws-prod.gps&w=408&h=240&yaw=134.47598&pitch=0&thumbfov=100,", Entrega a domicilio, "
Campoautos,Taller mecánico,Aguazul,5.1760028,-72.544921,"Cra. 17 # 18-32, Aguazul, Casanare",,,https://streetviewpixels-pa.googleapis.com/v1/thumbnail?panoid=pPI1IWC7lsa60QttSU1EwA&cb_client=search.gws-prod.gps&w=408&h=240&yaw=145.14804&pitch=0&thumbfov=100,
CDA LLANO MOTORS AGUAZUL,Centro de diagnóstico,Aguazul,5.168266,-72.5509575,"Cl. 7 #15 32, Aguazul, Casanare",314 3102168,,https://lh3.googleusercontent.com/gps-cs-s/AHRPTWk-_58Zcm9QnfatJHKJrujq-GL4-FNsZ2I4DRaYxIVGSL5tKrouqWjl1sHF8dnKh2p3BFjKEgQT3GQzU8svLdu6WkncUkcLZc2uNUEiwkmqFH8OZaBTHOluKfBhUQnAam4U4iOoEO-46U1o=w447-h240-k-no,
Direcciones hidráulicas del llano,Taller mecánico,Aguazul,5.1780313,-72.5594575,"Carrera 32 #9-33, Aguazul, Casanare",,,https://lh3.googleusercontent.com/gps-cs-s/AHRPTWlGwz-nYuZbFUIajJnu70PAH3bqkcOEIRpJZMl5g_xCnm5_fjSDzq9O7QPH6m9mjUr8r6N8S2Nzt_m_XV_PYn9Z-m9i5vZ--HeCcp951XRWKkXzmGS0iQQYDlLikesNDJtmUaBzcQ=w408-h544-k-no,
Taller automotriz mikycar's,Taller mecánico,Aguazul,5.1722624,-72.5543114,"856010, Sevilla, Aguazul, Casanare",311 3433262,facebook.com,https://lh3.googleusercontent.com/gps-cs-s/AHRPTWm5-GjRkMJiKpCTYaNs3Kkm5-rHNV2rQiHX9SzJVrFCesjY3HIq_-5WkKAXDax86YANj9wlhIRrj3asxO0aPNsO7uJpNYI78ievf4BX4Xco3zIXq0oZ10Te3eAO13H4shzd5aSVfiFSfLbO=w408-h544-k-no,
MONTALLANTAS DESPINCHE AL MINUTO,Taller de reparación de automóviles,Aguazul,5.1701844,-72.548732,"Cra. 15 #10-103 a 10-1, Aguazul, Casanare",312 3607372,,https://lh3.googleusercontent.com/gps-cs-s/AHRPTWmeafze1amifzN-Z0IqYkx2nEGyK01gU_M2QFTU1KdmxwKBOWZfKcfDO5xHaGXfrFNDNzRe3aD8RtnIbRuylJ56oiTygvxVRxHmNTyO1F5T5eGsKXeaoFPWEii3jPbeJJa-OS56=w426-h240-k-no,
Boutique El Imperio de la Moda de Aguazul SAS,Tienda de ropa,Aguazul,5.1700382,-72.5498684,"Cra. 16 #9-48, centro, Aguazul, Casanare",320 8078075,facebook.com,https://lh3.googleusercontent.com/gps-cs-s/AHRPTWnMa2xaRP_4nqLBz1APrEmAcbpL4qXrBGzizD58vikTXwRj8EMxO8YbI7b_EkPWO0Snfun-mFfBZ9IAHYahv0Fk0Y-_YV2YPnYB5_YScD95U3nyp4iFgGJ6mxGYpAXj8vbCDPXEJir8TzdH=w408-h306-k-no,", Entrega a domicilio, "
Totto Aguazul - Calle 11,Tienda de ropa,Aguazul,5.1718675,-72.5498904,"Cl. 11 #17-52, Aguazul, Casanare",322 2257812,,https://lh3.googleusercontent.com/gps-cs-s/AHRPTWnbRw9BQaVkJIiNFViiUUY5kuq4lXB9iiLfNDCQzGpuAjLwd2D3HeDE-8tJGRq1G1yurxx0YfPN9yooyF5wabBakNt0c_7YyPX1H0kk5OWA-AfhaYKakGD1p5QvTEJcQORsmdkZ=w426-h240-k-no,", Entrega a domicilio, "
Linda Moda Del Ecuador,Tienda de ropa,Aguazul,5.1715971,-72.548278,"Cl. 12 #15-56, Aguazul, Casanare",304 4172844,,https://streetviewpixels-pa.googleapis.com/v1/thumbnail?panoid=GiVGfgi0B6Y4iroz_EWBGg&cb_client=search.gws-prod.gps&w=408&h=240&yaw=58.286983&pitch=0&thumbfov=100,", Entrega a domicilio, "
Guapa tienda de maquillaje,Boutique,Aguazul,5.1721011,-72.5487231,"Cra. 17 #12-28, Centro, Aguazul, Casanare",320 9032249,instagram.com,https://streetviewpixels-pa.googleapis.com/v1/thumbnail?panoid=83lZkHfhIgxV3e1grSh_tg&cb_client=search.gws-prod.gps&w=408&h=240&yaw=140.17717&pitch=0&thumbfov=100,
J.H Colecciones,Tienda de ropa,Aguazul,5.1689842,-72.546836,"Cra. 12 #11-40, Aguazul, Casanare",321 3882761,,https://lh3.googleusercontent.com/gps-cs-s/AHRPTWnpHWIEyAisaJssPE-r1hqljgNiZNufSeEqq80T1PkxuxYXk3q5kIYRXxR0Y_N3jw_cPyruJ0H-gJT4J6oUEYJ_G4fC7NPSB7l3S3twkJiORmKJGHRk_CiPD2fvLsaPSbyduLko=w408-h408-k-no,", Compras en tienda, Retiro en tienda, Entrega a domicilio"
Papeleria Din-O,Papelería,Aguazul,5.3214861,-72.3973203,"Cl. 37 #13-05, Yopal, Casanare",302 8377238,,https://lh3.googleusercontent.com/gps-cs-s/AHRPTWmyAEGTsdwfM-wo4169ifNl2HxiY9qfdWyu7q7ZHnHeKV-P8GWPYwBewHs9MPrYvqUKCxculE2b7uj2dxHGzPVEZr6SOp6vP--_tgLJ6x9cb7gbr8HxL0udylO2X4hZZVQYJbgm=w532-h240-k-no,", Entrega a domicilio, "
Papeleria Feria Colegial,Comercio,Aguazul,5.3244997,-72.4028397,"Tv. 7, Yopal, Casanare",,,https://streetviewpixels-pa.googleapis.com/v1/thumbnail?panoid=i8Yi26qoturTS81dEe3bew&cb_client=search.gws-prod.gps&w=408&h=240&yaw=246.93169&pitch=0&thumbfov=100,", Entrega a domicilio, "
Compumovil JK,Papelería,Aguazul,5.1671261,-72.5479569,"Cl 9 #11 -25, Aguazul, Casanare",310 8757452,,https://lh3.googleusercontent.com/gps-cs-s/AHRPTWkFNM47Epejp4XyM87Ph8SYJX6jlF1lDZfa15iuFyEYpGCZcpyy3Zf_VqVuWkKSY2YU97msDiL0XIj89NSDBOej6ZxpnUlBLnHvyv2HG0BazL1CR3u82TSlxRyQATgQt5zySwRJ=w408-h251-k-no,", Entrega a domicilio, "
PAPELERIA LA ESPAÑOLA,Papelería,Aguazul,5.1073027,-72.4578783,"Aguazul, Casanare",323 2238450,,,
SERVI S&C (Papelería e Internet),Papelería,Aguazul,5.163853,-72.545645,"Cl. 8 #6-18, Aguazul, Casanare",,,https://lh3.googleusercontent.com/gps-cs-s/AHRPTWm3jA9z_hfs3v5GVYxrcZAkyrcaMGb8jVJ_hvwBlZM7lfkz9wh8CkBBlbqmafaijh5ZGGEWEQgf_D7LeRKcqAZ0Fs9NTifoOyTfC6MaMzmF_9ZaaZeSrPA3MsThp0Hmhi-t-dD-=w408-h544-k-no,"Servicios P&S, No hay opiniones"
El Patio Restaurante,Restaurante,Villanueva,4.6078273,-72.9266137,"Tv. 8 #9 - 12, Villanueva, Casanare",321 4837706,,https://lh3.googleusercontent.com/gps-cs-s/AHRPTWmldAJ7rMyJkpdODioOcZl2I2sKGa4EwpZicqCdnftxtdXIDOztDzX2E2aW1Dsf2E6Fu5gSCQIAs4c5w755HgJiI1OYcDEVxfxe1WzJz5MqNspmloe0rQz-kUKJrf0Vfc7qA3973mBVqV8j=w408-h544-k-no,", Consumo en el lugar, Pedidos desde el automóvil, Entrega a domicilio"
PIZZERIA GASTRO BAR ESTRATO 6,Restaurante,Villanueva,4.6089546,-72.9262837,"Cl. 11 #7 05, Centro, Villanueva, Casanare",311 2324402,estrato6.pub,https://lh3.googleusercontent.com/gps-cs-s/AHRPTWmhiU2yxoc2VGBJt4dVI_27PyaZ3q6PigJTWKjuQeshhQJX-U0X6O3ITy7Rsj68ibx3jKpq5Wy6sM312LfJi8jZUzu_O2Iv4zUvTecubJPyOkY6WSrSEdXWyKLeE3NtZ5URb7w6h9r3qATk=w408-h306-k-no,", Consumo en el lugar, Pedidos desde el automóvil, Entrega sin contacto"
Bragon,Restaurante,Villanueva,4.5979261,-72.9198109,"Carrera 7 # 1 - 64, Villanueva, Casanare",321 9995221,,https://lh3.googleusercontent.com/gps-cs-s/AHRPTWnm9IzJa8_YTlEP6-6qsoKyYajoEq6yKW-3pMLjN9M-YWZYiH2NJIVIGn6ckR0SjRLdFn0iBDFHmGnluuDWTBVe57sGoAaKimk7G7Npl78sJiqKOYuNdRNgqJqP8iCRj8q3DQ=w533-h240-k-no,", Consumo en el lugar, Pedidos desde el automóvil, Entrega sin contacto"
VillaVene Restaurante,Restaurante,Villanueva,4.610053,-72.9318565,"Cra. 13 #7-30, Villanueva, Casanare",321 9107704,,https://lh3.googleusercontent.com/gps-cs-s/AHRPTWmkmy5PbKSVZyuZ9fSJasmbpJTp3DqmRiDYBQ_MermhwDbHy-EuXfQ7dloyyDU4kL79arGDLOTQgKezCGx_3TL5neRRtIzZU2bUdKFCDKZfoxnRp7YPeHg939XObqbBEZuB0gGj=w408-h306-k-no,", Consumo en el lugar, Retiros en la puerta, Entrega a domicilio"
Parrilla Bar Canela,Restaurante,Villanueva,4.6091735,-72.9264562,"a 10-78, Tv. 8 #102, Villanueva, Casanare",313 2599060,,https://lh3.googleusercontent.com/gps-cs-s/AHRPTWl2rPrflNLvxSLwO7rikUs1iQvztN1D8z-Usr4FSQDZ7uJ3kYSk8su_GZtahfniHK_2dnJUXfeO68T3mpOV8ZsX03k3tOQ3ISe3OyN-kZYu6Ru5jjC3P-GSoOKLdhEiT_nKvdeI4A=w408-h306-k-no,", Consumo en el lugar, Para llevar, "
Ferrymaq,Tienda de herramientas,Villanueva,4.608938,-72.9308538,"Cl. 7 #11 - 10, Villanueva, Casanare",320 3173050,ferrimaq.chiwi.me,https://lh3.googleusercontent.com/gps-cs-s/AHRPTWk28F8BvupNgAqnv3c0So4AugmbjH0vMF89_uiqX9xf1DPAfipm-MVq_NLIyyuhaSsFq7cp1XHSbYLnN8DodxZCSe-80LMrWfpAu7DdRcHRR7Oj5lOvjcIkBxl-23QvJA8nuLPI=w426-h240-k-no,", Entrega a domicilio, "
Ferretería la solución,Ferretería,Villanueva,4.6107651,-72.9331643,"Cl. 7 #14-44, Villanueva, Casanare",,,https://lh3.googleusercontent.com/gps-cs-s/AHRPTWln50GQmb3l0AgQ_78bVvpJ8sAxWuA0zr4QyRqJR13QvLKwZ2XlSHy_W7IGGjpa9y0KxvWeySdzK9cLPM_ZuKPr1M-KcYhVFBeRLWl3XfiNoi2qtGAGFUmRNaEC5ISnDWO7kaSOKw=w426-h240-k-no,", Entrega a domicilio, "
Feterreria el sol Villanueva,Ferretería,Villanueva,4.6100086,-72.9284601,"Cra. 10 #9-54, Villanueva, Casanare",,,,", Entrega a domicilio, "
Tornivarios J&M,Ferretería,Villanueva,4.6090692,-72.9259705,"Cl. 11 #7 - 32, Villanueva, Casanare",6241827,,https://streetviewpixels-pa.googleapis.com/v1/thumbnail?panoid=LZjU2BNbEOD0v4HIBQrYoQ&cb_client=search.gws-prod.gps&w=408&h=240&yaw=34.904728&pitch=0&thumbfov=100,", Entrega a domicilio, "
La tuerca,Ferretería,Villanueva,4.6086027,-72.9254122,"Villanueva, Casanare",,,https://lh3.googleusercontent.com/gps-cs-s/AHRPTWnegjXTHe5ANrQ9Ga24kvxWze8zIzjxNKE1N_cIvoKJmW1mKCwG8szK9r2NCzYHsKQ18LdeKS09-qN337nfglMjsJiDKesxphFo22vnQDR9tP98GH41j6YEUzXSG3oiowM8HRNO=w408-h306-k-no,", Entrega a domicilio, "
DROGUERIA LLANOFARMA H&A,Farmacia,Villanueva,4.6108886,-72.9325576,"Carrera Carrera 14 # 7-47, Villanueva, Casanare",310 2785643,,https://lh3.googleusercontent.com/gps-cs-s/AHRPTWnkjaA5VmvR9c7FDBYHB4SqaS36QyZKsEiihwYq7LkjKVmPXND0lGCeEOVNF_p_WMUYynsfPsP9nAs53iTeetXCruiTkqZ-AYYhsujkbQqmESnV6yRNpwo8rfm_28t-blcN2zTW=w408-h306-k-no,", Compras en tienda, Retiro en tienda, Entrega a domicilio"
DROGUERIA MEDIC-FARMA,Farmacia,Villanueva,4.608265,-72.9300963,"Cl. 7 #10-8, Villanueva, Casanare",,,https://lh3.googleusercontent.com/gps-cs-s/AHRPTWlnZnnFVWvPap86waoDJKGJt-YS5KuNj2-fefrKTXEN74fu2PY3Dl64LP3p2FtewukzeLZ1lK4RR8mK6AL1fpb-BhaHQqlTVVikIBbkDGvQ0d8Bhv_SAEEDaUsK-QepGHT6g3dnzQ=w408-h306-k-no,", Entrega a domicilio, "
DROGUERÍA FARMA VIDA CASANARE,Farmacia,Villanueva,4.611252,-72.928126,"Vereda Banquetas Bajo, Villanueva, Casanare",,,https://lh3.googleusercontent.com/gps-cs-s/AHRPTWljUzzxGVY86jejwhM7ZowRS6k370ISxoObqAfa8uFjKXB4sD5GCC9o9JT1i1F6HEpplz_MT6ro63DDJ_8cAgHjEACTPpi7_QyF5GL-92rHFKzyBfmYPhXykqr40HQwKB9lXwPdc0_zvTfN=w408-h306-k-no,
la rebaja Plus No. 2 DROGUERIA Y MINIMARKET Plaza de mercado Villanueva,"Tienda de comestibles, periódicos y medicamentos",Villanueva,4.608228,-72.9306144,"Cl. 7 #10 - 59, Villanueva, Casanare",317 3004444,larebajavirtual.com,https://lh3.googleusercontent.com/gps-cs-s/AHRPTWlhVMKER45DbMgZO19m7C-1FBLIul2Gs0jl1fy_ogJt-yfoDDbuA1sioAPXvcMKVOmSzfgAwY-SXjv5W4dJXxP8EgVojMkEbRyK3GfoddRDccYNaDjiSxz1Fitxj7oNETnUMB38=w408-h314-k-no,", Compras en tienda, Retiro en tienda, Entrega a domicilio"
DROGUERÍAS LA SALUD STORE,Farmacia,Villanueva,4.6118661,-72.9306303,"Cra. 13 #9 - 79, CENTRO, Villanueva, Casanare",312 4185743,,https://streetviewpixels-pa.googleapis.com/v1/thumbnail?panoid=eBvQze6nivVEStqi7loYVA&cb_client=search.gws-prod.gps&w=408&h=240&yaw=245.44812&pitch=0&thumbfov=100,", Entrega a domicilio, "
Plaza De Mercado,Supermercado,Villanueva,4.6088383,-72.9316072,"Cra. 12 #6-2 a 6-104, Villanueva, Casanare",,,https://lh3.googleusercontent.com/gps-cs-s/AHRPTWme-C3ZaBM7TQbHo0wlSkCUWCSJA8bRfqLwu-ETprIHX4VXz9Kxz_VIgJWJVVfTbO9B6atkgchHNhTUWG8ct3KqCouxw3tyrBVnnvHiaA3xjxH76Obl18c4jFus9n0tH-mvBiZx=w408-h725-k-no,", Entrega a domicilio, "
Villanueva Ricas Super,Tienda de alimentación,Villanueva,4.6159525,-72.9232271,"Cl. 19 #91 a 9-105, Villanueva, Casanare",,,https://lh3.googleusercontent.com/gps-cs-s/AHRPTWkb3FD93Qx8CEePvw59govInrkXYU4ovmxFEe49Ws5fy5-UPwHNkFvWH_ZG1ZKd89zB3yF4Bbnolwm6umeRDmqHd5tQZPe3yFeg3kTWV23U5tK1w17tvFYee0aWngRB0hs1JIXu2g=w408-h306-k-no,", Entrega a domicilio, "
Fruver Plaza,Supermercado,Villanueva,4.6120483,-72.9296342,"Cl. 11 #12-21, Villanueva, Casanare",321 4734164,,https://lh3.googleusercontent.com/gps-cs-s/AHRPTWl4C6_3uM5gb5Ac-RPBg0lt9mJ8Lh8HXwq-mVvwVQAtpNllW1HFaPI4Gb9e0zILgEHIqtbJ11VrvF0ej6UKAJAtBod0AvBAaxSD0LrM-mom35-eWF6GNvta1w9_HVLPfd-w0GsP=w408-h544-k-no,", Entrega a domicilio, "
Supermercado Vargas la canasta familiar,Supermercado,Villanueva,4.6202057,-72.9227771,"Cra. 12 #22-71, Villanueva, Casanare",314 5240459,google.com,https://lh3.googleusercontent.com/gps-cs-s/AHRPTWl13ccTFvQLhjvU7ggSPkx-w3m9qUWr6RKzBzBtDqhM8jd8XGJJ6kcsdDgL3nx8NiGyqz8OZxNpzBPu3Y0ZFfrxV0ivU6G8PyDE-JjjLPRc1KXIYHuoU0lniLrAfp-sjfmF5pv7=w408-h544-k-no,", Entrega a domicilio, "
El progreso,Supermercado,Villanueva,4.605378,-72.9256334,"Cl. 8 #4-9, Villanueva, Casanare",,,https://lh3.googleusercontent.com/gps-cs-s/AHRPTWnly_F_XTH_BtkEvZ4GtapLS-Fy1eGuLDwNbNeIx9R4K9x-5S9WcYZHsaCnacPNJRqfBFiGs-pyX7nkATz7vzHS14aBlCMMZx84XPA-EN-utQvRoA9h9lbcFv5Bl38zzlIPG0dP=w426-h240-k-no,", Entrega a domicilio, "
Taller Mecánico AutoRep 22,Taller de reparación de automóviles,Villanueva,4.6098021,-72.9237353,"Cra. 6 #13-107, Villanueva, Casanare",313 2530581,,https://streetviewpixels-pa.googleapis.com/v1/thumbnail?panoid=FnGtwjjSZyM8a1JmTb0w-w&cb_client=search.gws-prod.gps&w=408&h=240&yaw=89.74627&pitch=0&thumbfov=100,
"Taller Automotriz Centercar,s",Taller de reparación de vehículos todoterreno,Villanueva,4.6094224,-72.928052,"Cra. 9 #09-33, Villanueva, Casanare",320 3724380,,https://lh3.googleusercontent.com/gps-cs-s/AHRPTWkUldgO8nuiMWdiXCoH9fMB4fT_EJyvkGiOB2w-rt5WTTSlzO-7aZmmPj8gG2ROqrtqApt27BxGHhSgLA1aPZxaIMcvd74M6tpju3F98EywR3lXgj4Pv1WiMWI4jmWaDMv5h5gf-g=w408-h544-k-no,
Taller de mecánico automotriz,Taller de reparación de automóviles,Villanueva,4.6116952,-72.9227211,"Parque bello Horizonte, Cl. 16 #133, Villanueva, Casanare",,,https://streetviewpixels-pa.googleapis.com/v1/thumbnail?panoid=ZG-gY6vVEjEEHaOvlD9Ltg&cb_client=search.gws-prod.gps&w=408&h=240&yaw=213.32149&pitch=0&thumbfov=100,
TALLER CARS SHOP,Taller de reparación de automóviles,Villanueva,4.6073585,-72.9253286,"Cl. 10 #531, Villanueva, Casanare",320 9909031,,https://lh3.googleusercontent.com/gps-cs-s/AHRPTWlJyOIsIF8GI_ltukzbsbS89k0zuA8DcBiX9RtZpk98dkQyGtwLJOl-cZnlsNZXZfPTKYIvudIeIvHEUhVmrwTfGLn2JQuJaXjKAS6vk3T2SpW6BbL_ZRSBXiEy6yU2pw2eST1Keg=w426-h240-k-no,
Moto Alfa la 9,Taller mecánico,Villanueva,4.6099253,-72.9272708,"Villanueva, Casanare",310 4816982,,https://lh3.googleusercontent.com/gps-cs-s/AHRPTWlCHsqleNWp_3f7jMJywp4WTojzOIP-onrCgmZxJGgBAvIe9lUZnWbfNVF6yyFg1eg3KWKtp59eLnfmiabzVmtyELbON7RsizxDZx995shI1A5tT54lXFhmRFwILeXFO_r42lAR=w426-h240-k-no,
As Columbia,Tienda de ropa,Villanueva,4.6096152,-72.9310781,"Cra. 12 #7-72 Loc 1, Villanueva, Casanare",322 4035213,,https://lh3.googleusercontent.com/gps-cs-s/AHRPTWk-8pG2CJhGvJ5UZMhrYzyrwfMlnITVzidueSjOpFaL7-2GSkLwIr9cXHaGSEyURdAGkY15PNuVPTD8rl3pjk3-NooHXmXu3j0cuSb_3k4ZaE5u-lARJ9EG8_ly5Vx_ViLrcKgnmxd1fKM=w408-h725-k-no,
Outlet Villanueva Casanare,Outlet,Villanueva,4.6110002,-72.9300086,"Cra. 12 #9-64, Villanueva, Casanare",321 4527319,,https://lh3.googleusercontent.com/gps-cs-s/AHRPTWlb3kaCzC2EKz74TnwW1rpy7UvgLhp3Ft3S9sdAU9yiUe1fGGGoH5C8TmmeZ3v-u3shv6x5TFkmXt11WuoPnBSny_nQwfgxpLL3f1KSqlnnyA9nlyE9VFDvep7SW6vaPLMaq3E=w533-h240-k-no,
Otoño Moda Infantil,Tienda de ropa,Villanueva,4.6094683,-72.931524,"Cra. 12 #7-23, Villanueva, Casanare",321 3564052,,https://lh3.googleusercontent.com/gps-cs-s/AHRPTWkZYVxj20GW8PQsyTHm2XkllDiNqcNp4fDh5e5eW4vuupHHlqCirN6AbXucsiWQQQF42QUPdi3Qf62KHUqQSfH4UvfnVWqbkk8c7wjU5sP9JoIVFrJfYLl-e9Q33pthhYkMeMyx=w408-h257-k-no,", Entrega a domicilio, "
InStyLe,Tienda de ropa,Villanueva,4.6115391,-72.9298498,"Cra. 12 #10-21, Villanueva, Casanare",322 8516484,,https://lh3.googleusercontent.com/gps-cs-s/AHRPTWnr0ggbZlYO6WjJHP2-01DfK5QMCdLL_N7Lny3egtUTowQqRZ_fE8Nk9djJUsPs9wgeuUgVkcXss0zHJ9L5mZS9Go1UqmGMJE1NikuNM1gIGt76n7LdIud1e63S65TZZpl5WKEV=w408-h240-k-no-pi-10-ya200-ro0-fo100,", Entrega a domicilio, "
El imperio del hogar y la moda,Tienda de artículos para el hogar,Villanueva,4.6122223,-72.9295337,"Cl. 11 #12-106 12-2 a, Villanueva, Casanare",,,https://lh3.googleusercontent.com/gps-cs-s/AHRPTWmfeVRvQOyqjMvJFaYxY0Y_xJQmSqCNwetgDIxmnKN2F43vRHN6uoOde4_SVapKu2wt1xcN4D7DVuXdeK251h1vhQUMitAqniLZqXPaK_GJdF6vQ3qhe8guxT_xPCV2b7JVVDUQ7vbmt6U=w533-h240-k-no,
Papelería Los Almendros,Papelería,Villanueva,4.6089379,-72.9265222,"Villanueva, Casanare",320 9864889,facebook.com,https://lh3.googleusercontent.com/gps-cs-s/AHRPTWl2h-JLkQQf4hUvtkPB2jklZB7L4QO9dDrwcx_I_g_Ln9nlR0TvspUik3yK6Q4_X12tH-y-pwmif2gQ0nD6BVzjhTZGTFjXZP38cJuwa8t_sPXNnzqirLznNguMHrbB04fDlGc_WQ=w426-h240-k-no,
Miselabes y papelería portal 2,Papelería,Villanueva,4.6015158,-72.9336821,"Cl. 2 Sur #843, Villanueva, Casanare",,,https://lh3.googleusercontent.com/gps-cs-s/AHRPTWlOu_I4uw9OwBsbcniTTj_h3zgaOvuiYjjm2uTHEgqcyMCerZhDAUSDF4jKzi1jnnFB3vcutIkH5J0aINe1LmjcBrFREK5UsmMc8-LjJLRcfXqlYuP_Xu4NaxMvd_TxaLowOLzc=w426-h240-k-no,
CopiasRicar,Papelería,Villanueva,4.6076046,-72.9229335,"Cl. 12 #3-36, Villanueva, Casanare",311 2376294,,https://streetviewpixels-pa.googleapis.com/v1/thumbnail?panoid=_j_cian__Ub3MQAZWI8OTA&cb_client=search.gws-prod.gps&w=408&h=240&yaw=43.239483&pitch=0&thumbfov=100,
PAPELERÍA MÁS POR MENOS,Papelería,Villanueva,4.6112675,-72.9269903,"Cl. 12 #9-58, Villanueva, Casanare",321 4734117,,https://streetviewpixels-pa.googleapis.com/v1/thumbnail?panoid=5YCvxRdu8GP0MH2fiMriNQ&cb_client=search.gws-prod.gps&w=408&h=240&yaw=43.359&pitch=0&thumbfov=100,
Multiservices TIN,Papelería,Villanueva,4.6122191,-72.9276585,"Cra. 11 #12-50, Villanueva, Casanare",314 4346377,,https://lh3.googleusercontent.com/gps-cs-s/AHRPTWkbyd6Oz5TP0DBpdJfiKw5GGvEGdVuxogzjZDSMKr9MuxYuFMmMRCJoCxY7EFysz-1LdpuYC4lCiGeBe3w9VOO3nO7QMza4qER8w2mtFLVkEapVJBm7QIW7pDKZ-BhA9ahVCOH77aBKAzbd=w408-h306-k-no,
LA TENTACIÓN,Pizzería,Tauramena,5.018966,-72.74299,"Cra. 7 #126, Tauramena, Casanare",,,https://lh3.googleusercontent.com/gps-cs-s/AHRPTWmXH4CW6bD8Om-7tfMiCahBOzmbARGzaF6EKp5nIYo9J-OQhhc0O5pOBm9Ox6XdMzso-CMjZ920AFlHnsC5SLbo2dvlWagHiEfZHcsuCNS7dKRGyZUmgG54ShLn704uRttvlHf2Wq5EOcCN=w408-h306-k-no,", Consumo en el lugar, Pedidos desde el automóvil, Entrega a domicilio"
La Perrada De Rodris,Restaurante,Tauramena,5.0152391,-72.7502834,"Cl. 4, Tauramena, Casanare",314 2828899,,https://lh3.googleusercontent.com/gps-cs-s/AHRPTWm0ZyTfjqndKwEPJNupS4sb08xhMUKoxwSVQIOCblRC9V-1gGJrUFWeo1q7nu9yTwhir0WBPLt1q1QVyv3yzlicAdGenyxp9MUfrUVqdx_W9pGYh5N-ZREH4ztJ1QbpVPbuM0hr=w408-h244-k-no,", Consumo en el lugar, Para llevar, Entrega a domicilio"
AGUACATE VILLA ANTONELLA,Restaurante,Tauramena,5.102549,-72.7518853,"vía a Balcones del cacique, km 10, Tauramena, Casanare",312 5228420,,https://lh3.googleusercontent.com/gps-cs-s/AHRPTWn5NEeE-Nab31DD4TnyKnmm04ganV7ilm58U0rxqPZSJ0M6CxZCUWNxFfpSdYuPhkBo6pu7gbcSKPcPWFNVmBkBAsspuzh9jKM4E-Gvx0dGkkhOqMKuNI-ELOZJYSuCdA7WDKF5snfGUvQD=w426-h240-k-no,", Consumo en el lugar, Para llevar, "
Restaurante Sabor Cundiboyacense,Restaurante,Tauramena,5.0105751,-72.7476587,"Cl. 2 #6186 6- a, Tauramena, Casanare",320 2331458,,https://lh3.googleusercontent.com/gps-cs-s/AHRPTWmf6bSNqd0U55hE7UeN1O0AFK_vkJ3FUimp1rzvOnTHNBcTLrqwinANxRXdMyTjJT70TaMZkfbosDLxmD9eqXgRcjlmG3g6Xs2GuhChaSuNfrJRiOpUJdcsgv8EQVjOFWCAc10=w408-h544-k-no,", Consumo en el lugar, Para llevar, Entrega a domicilio"
Restaurante Zona D,Bar,Tauramena,5.0755625,-72.7579375,"36GR+6R, Tauramena, Casanare",310 7734116,instagram.com,https://lh3.googleusercontent.com/gps-cs-s/AHRPTWnTc0PzBeS7maggVlXkbJ6CRhrHgsNQU307et3vex-JeVu2ToPHhsy3-ojf6XDGdtjTm8fD_CzAoNczLFtB1X8d88lByUKD317vwDd7W5vAh464h8wyETALZ0Gb17eLevK3l0X3RufNGII=w408-h306-k-no,", Consumo en el lugar, Para llevar, "
EL GRAN FERRETERO,Ferretería,Tauramena,5.0138066,-72.7517343,"Cra. 12 #2-34, Tauramena, Casanare",,,https://streetviewpixels-pa.googleapis.com/v1/thumbnail?panoid=COQT2p9cigLJEy5CJpa-1A&cb_client=search.gws-prod.gps&w=408&h=240&yaw=141.66823&pitch=0&thumbfov=100,", Entrega a domicilio, "
Perfiles y Figurados CAIN,Ferretería,Tauramena,5.3176846,-72.4041431,"Cra. 5 #40-63, El Banco, Yopal, Casanare",320 3401569,,https://streetviewpixels-pa.googleapis.com/v1/thumbnail?panoid=OlhiSRJO-QfK4MrRaWPzEg&cb_client=search.gws-prod.gps&w=408&h=240&yaw=84.48714&pitch=0&thumbfov=100,", Entrega a domicilio, "
FERRELECTRICOS CENTRAL,Tienda de artículos para el hogar,Tauramena,5.0169729,-72.749606,"Cra. 12 #627, Tauramena, Casanare",314 3335564,ferrelectricoscentral.com,https://streetviewpixels-pa.googleapis.com/v1/thumbnail?panoid=oVw8bgFTtoCj26sI_rXz0g&cb_client=search.gws-prod.gps&w=408&h=240&yaw=158.8633&pitch=0&thumbfov=100,", Entrega a domicilio, "
Ferretería La Solución Efectiva S.A.S.,Ferretería,Tauramena,5.0179852,-72.7436479,"Cra. 7, Tauramena, Casanare",315 4092330,,https://streetviewpixels-pa.googleapis.com/v1/thumbnail?panoid=7bcYeasRC4iqI6bfU0lNuw&cb_client=search.gws-prod.gps&w=408&h=240&yaw=93.02969&pitch=0&thumbfov=100,", Entrega a domicilio, "
La Plomada s.a.s,Ferretería,Tauramena,5.0211973,-72.7404044,"Calle 17 # 4 - 15 Calle 17 / Avenida ParkWay #Diagonal 17, Tauramena, Casanare",310 7593046,,https://lh3.googleusercontent.com/gps-cs-s/AHRPTWkvPKJkhomwqWNi2Y4g2zq-Zr7d47jHhnx-995Gb1TM2d5bs-pA1gGRKLzodyfYHSCMtiap1PhqS4ZtNfhTdUbClKNArMdQn5kTPraGot2XK9sLpWlThH96NeDrgKIUZodzQAq_=w408-h544-k-no,", Compras en tienda, Retiro en tienda, Entrega a domicilio"
Drogueria Mastranto.,Farmacia,Tauramena,5.0192018,-72.7479927,"a 8-164, Cra. 12 #894, Tauramena, Casanare",,,https://streetviewpixels-pa.googleapis.com/v1/thumbnail?panoid=yupFkSdt-HGMXOesvXoF0g&cb_client=search.gws-prod.gps&w=408&h=240&yaw=124.15869&pitch=0&thumbfov=100,", Entrega a domicilio, "
Drogueria Santillana,Farmacia,Tauramena,5.0186309,-72.7524764,"Cra. 16 #62 a 6-134, Tauramena, Casanare",321 4919481,,https://streetviewpixels-pa.googleapis.com/v1/thumbnail?panoid=9peRMEar-O_p90vVOphhiw&cb_client=search.gws-prod.gps&w=408&h=240&yaw=92.328445&pitch=0&thumbfov=100,", Entrega a domicilio, "
la rebaja No. 1 DROGUERIA Centro Tauramena,"Tienda de comestibles, periódicos y medicamentos",Tauramena,5.0170157,-72.7517605,"Cl. 5 #14 - 35, Tauramena, Casanare",317 3004444,larebajavirtual.com,https://lh3.googleusercontent.com/gps-cs-s/AHRPTWm_uKEMo5IhNNgVMITDeSF5nzeiFPf-8tiEqm5V3afpcn1Jx6abfNZ_k-86OhW-WaRa_3u-z4IatU3H0USFtefDrwfvvbLOVadT4x1prF-civt1aIOzok98AiEZxWIcJvigEr_G=w408-h330-k-no,", Compras en tienda, Entrega a domicilio, "
Drogueria La Primavera,Farmacia,Tauramena,5.0185387,-72.7390876,"Cl. 14, Tauramena, Casanare",,,https://lh3.googleusercontent.com/gps-cs-s/AHRPTWk8u8nvHtP4nKL45GQOXF8dsfxTi9wZeQKdfRt5loNHSJLDXZ0P_fxvHcSeIpObPMfNenIErdYis9hSAsrIn-mO_YYNY1qPY149EhH_o6PNTOQpr2I8I-jyQ4OaUV4ROPM2VN4V=w408-h292-k-no,", Entrega a domicilio, "
Droguería Alemana,Farmacia,Tauramena,5.0166465,-72.7497922,"Cra. 12 #5-80, Tauramena, Casanare",310 3478935,tudrogueriavirtual.com,https://lh3.googleusercontent.com/gps-cs-s/AHRPTWlKfQbbb84VRSP1VM7yDq1Ncf5SWJ-FqvdIf1ai51hZrVY7Qr86yw82GoHv0Zs_iMrDTjG6X2Ax6FFW_0oi7QqtRaLKjART9AVPPxkZI0oDhEqCuvatCbpFyDJ2aFg39z9SOmHq=w408-h280-k-no,", Entrega a domicilio, "
Mínimarket el más barato,Supermercado,Tauramena,5.0202932,-72.7423245,"Cl. 16 #6-12, 20 de enero, Tauramena, Casanare",312 5163947,facebook.com,https://lh3.googleusercontent.com/gps-cs-s/AHRPTWlgC4Hu1kNR94K8-5gqEYHxozZGoBenaq68wUK4nEYYrAh7lC94r-MOUrowereCYpj-336YHL2kgJna0WoPvgEm173Mi7vj_wwxx5mwGdDUODQ5k6A0K5kv7rw5TXj0UM4VSHH7=w408-h306-k-no,", Compras en tienda, Retiros en la puerta, Entrega a domicilio"
Autoservicio Donde Ofe,Supermercado,Tauramena,5.0236727,-72.7505747,"Libertadores alto, Cl. 19 #15a - 15, Tauramena, Casanare",314 3437921,,https://lh3.googleusercontent.com/gps-cs-s/AHRPTWlBK-ibw26hPkC9IQ1XyO0XjnfUsZyzJ92W8TfFau5Qy3wFSIiOI2RyhIQaYfzsNEOYBVIie8MGeZCDbOs2sD4kd40hYipesdgyspceW62OKByIZgKSuPJH9afGDS039oUVFPwO5A=w408-h541-k-no,
Las Burgers,Tienda de alimentación,Tauramena,5.0162716,-72.751233,"Cra. 13 #4 40, Tauramena, Casanare",350 2949762,,https://lh3.googleusercontent.com/gps-cs-s/AHRPTWlK--kzSUllE_kL7NxSI0HjDuQl_rxjYOKWofdSmFCbjLoMKDaFvsiKq7lFx7bktdbdquAIdkWxQ7hO9fhZy4nImlLt6N5YyEUW4pMGGEVRhNwaP2Vy9U0pHfVK-ZHaFengTLjLUxT2DfQP=w408-h725-k-no,
Comercializadora El Dinde,Tienda de alimentación,Tauramena,5.0171109,-72.7534701,"Cra. 16 #3-62, Tauramena, Casanare",,,https://lh3.googleusercontent.com/gps-cs-s/AHRPTWk6YclQ4mdjIJqKH_9U-bNewiiJFzqcwDmJ1Kd6Es-nAJr32WfgHmIEDJyYhwDniE8qNKU8XY6hkVC2hnLrhzvenkYFT3R2buczDP2Bk9jGA2zdBOifsYvVqmdipYZb17sXwM9f=w408-h306-k-no,", Entrega a domicilio, "
El Granero,Tienda de alimentación,Tauramena,5.0179047,-72.7437088,"Cra. 7 #8d-12, Tauramena, Casanare",,,https://lh3.googleusercontent.com/gps-cs-s/AHRPTWnbf_uyDtHaPlg9tbLGHtqy_R5l52JPj7VecsDz_yTQDG7khkjF6DR2lidngdYXNNvVxocWld-Z3MZ9oEyCEUueWhXXhX34yqIsEzeBSskNTWB-2mV-LSvUoiVebpcQ-8mqYXD9skGTRJS8=w408-h408-k-no,
Taller el Desbare,Taller mecánico,Tauramena,5.0097052,-72.7466452,"Cl. 2 #5-8, Tauramena, Casanare",,,https://lh3.googleusercontent.com/gps-cs-s/AHRPTWkwZ3r5OvcBWCEEgZH4bjFgCjBqsD8kV7PVlH6N1arB5Y16CM_iMA1QU5nYIvIecPzLJIt-EC2uOfV9Yy_LFHx6wOsXsWNhi5uegyhbPGF7-lnuRQKwj1oVSpjv2B7cf9c54wAR=w426-h240-k-no,"Taller el desbare, No hay opiniones"
Tallet mecánica automotriz,Taller de reparación de automóviles,Tauramena,5.0126807,-72.7459186,"Cl. 4 #6-152, Tauramena, Casanare",316 5409067,,https://streetviewpixels-pa.googleapis.com/v1/thumbnail?panoid=BVSV6VdSF1cqecPdjAWb7A&cb_client=search.gws-prod.gps&w=408&h=240&yaw=32.509277&pitch=0&thumbfov=100,
CHEVIGNON TAURAMENA (OMB),Tienda de ropa de vestir,Tauramena,5.0185002,-72.7500532,"Cl. 7 #13-26 Local 2, Zona Centro, Tauramena, Casanare",320 9572173,,https://lh3.googleusercontent.com/gps-cs-s/AHRPTWkCFlz8E_zh9RcbndfAdpAFltPpel8Cm6K51v9IDoJ19vzmWzmSXM5QjcnDtHiPjGFelM_tZET7-USDintAfTVlyswgac4kl2Ckk5MQVzrHF5izdXbO9wYoOWkKCm1s0B8G-FbfHyx8QHI=w408-h612-k-no,", Compras en tienda, Retiro en tienda, Entrega a domicilio"
Trébol🍀 Shop,Boutique,Tauramena,5.0215292,-72.7482117,"Libertadores alto, Dg. 17 #13-24, Tauramena, Casanare",314 2375289,,https://lh3.googleusercontent.com/gps-cs-s/AHRPTWmcYY1DlZNiUdK7EENUm4QVOlGVlKhzFyS6MxR38ASDowi9lDAisekMZ9xiGOeZV7N3ACn6ii-35fW1nymPHviGmB5ntV0sZylU_ZHWiuAtE71JKpP1aAb6kJlXZ_f6uvmnm5-Dn5EtUr7b=w408-h544-k-no,
BOUTIQUE MODA PLUS,Tienda de ropa,Tauramena,5.0156292,-72.7512205,"Cl. 4 #12-73, Tauramena, Casanare",311 5914782,,https://lh3.googleusercontent.com/gps-cs-s/AHRPTWlssJ8RuJUBZGgHJ9gzs6Am34K9-e0UP4b2OAAxbhXlek_iTN_hxirDTnxjStM8k_DMHKoGVXT4DL6fHRDgXO_hvLa5dZA3oCzabohG_QfPqSycLEXsSKBti9NfZOl9mLSIvgkL=w408-h306-k-no,", Entrega a domicilio, "
La tienda socialeros,Boutique,Tauramena,5.0195171,-72.753967,"Cl. 6 #17-61, Tauramena, Casanare",300 2661578,instagram.com,https://lh3.googleusercontent.com/gps-cs-s/AHRPTWmykAO0lU9N1ATPv9gK6qaLdJe3RY6IP-0mYX7BUPNJXx3LmjkoULxR66x-SNhOiS6bjcdysAcIik1Moq_XxLmUVlYGZRgmX3jVK3yFyMrVXQWtnEIZc6qyyVsJ1YDz5MuQei2l=w408-h300-k-no,", Entrega a domicilio, "
@pilpavtienda,Tienda de ropa,Tauramena,5.0099051,-72.747387,"Cra. 6 #1A -14, Tauramena, Casanare",310 5552909,,https://lh3.googleusercontent.com/gps-cs-s/AHRPTWnFmz5-djy7h529I7sHHARZfWmj2F2wZk70r09m6a9zgsEG5YAw9OEVvUaDVy52icK0DYk2rRJUurpu6KystnuF-o7I-4FpkCSohCI2IdLAyUhl9Ren8rSBW6EsFHfdyWaTNQuX=w408-h408-k-no,", Entrega a domicilio, "
Papeleria Amiga,Tienda de regalos,Tauramena,5.0178192,-72.7508164,"Cra. 14, Tauramena, Casanare",,,https://streetviewpixels-pa.googleapis.com/v1/thumbnail?panoid=4J88OL20kJizyvLaLlowbg&cb_client=search.gws-prod.gps&w=408&h=240&yaw=67.77649&pitch=0&thumbfov=100,", Entrega a domicilio, "
Papeleria R. T. S Offis,Tienda de regalos,Tauramena,5.0183111,-72.748938,"Cra. 12, Tauramena, Casanare",,,https://streetviewpixels-pa.googleapis.com/v1/thumbnail?panoid=9k3vRE8J4SO5BvBpUru8PA&cb_client=search.gws-prod.gps&w=408&h=240&yaw=342.41943&pitch=0&thumbfov=100,", Entrega a domicilio, "
Cacharreria Yuly Tauramena,Papelería,Tauramena,5.0152403,-72.7505114,"Cl. 4 #12-16, Centro, Tauramena, Casanare",311 2153254,,https://lh3.googleusercontent.com/gps-cs-s/AHRPTWmhjTdK1k8lRH3GRduyyk5SW4dKVvjxm-w2E7bxl4irFtUnUPRP2_NJfk_KTm7KTHFP1Paz6vr_0_iTmeoW9ZX-w2EDMBATz1QuRqqhABAub6kSjmQmXmoQSj1FdpWR53fKOydcgg=w426-h240-k-no,", Compras en tienda, Entrega a domicilio, "
FamilyArt Papelería y Variedades,Papelería,Tauramena,5.0204237,-72.7395557,"Dg. 8 #3a - 46, Tauramena, Casanare",305 4300845,,https://lh3.googleusercontent.com/gps-cs-s/AHRPTWnU8qs3b3W8jxy1gRM9UDYEDWIBCNGzGBIVnePYNFSZmj0To4BBgM7zshsP5ZSgYydOn8cZP00kUdqm5OFMh-35ah84O2qJJlGx8kh05JJVQcRUHTUwrhSgnPdpVKM7uxjk1HvP=w408-h306-k-no,
American Office,Comercio,Tauramena,5.0171948,-72.7511542,"Cra. 14 #5-54, Tauramena, Casanare",,,https://lh3.googleusercontent.com/gps-cs-s/AHRPTWnUBkMTb2d51Llq3L-Bm0sR5U3cu4taMaSNbxB24uHevvywVwjBvG8WmLTQr1S4MTTJrpEK4X6Ewrh32Ub88xttcImQd8wtn7vWKcysIu9SnvoW5Y0jZebWwWu_rb7ct5TSnMCP=w408-h286-k-no,", Entrega a domicilio, "
LA MARTINA MONTERREY,Restaurante,Monterrey,4.8777267,-72.8937697,"Cl. 18 #7-56, Monterrey, Casanare",320 8357739,publicaton.com,https://lh3.googleusercontent.com/gps-cs-s/AHRPTWljKLa9c9GLxV5jwLCs0kYlIFH0wVsNEmYCIldXineq2k9b6Y9Ak1N8fa99LDu9tdBDal3OXdjF05-ZW-R7Fiufl1rqAZKdUB9MOUj9MDX1bJ7UKkDWDA8mCNcoO5qFF0c1fFyI=w408-h306-k-no,", Consumo en el lugar, Para llevar, Entrega a domicilio"
Entre Sabores,Restaurante,Monterrey,4.8788257,-72.8963593,"Cl. 18 A #11-63, Monterrey, Casanare",319 6359410,,https://lh3.googleusercontent.com/gps-cs-s/AHRPTWmTBmVTIraEdU-2lGkuL9CNyUHQn8mhVdKyCKXWAH674zoqpoyi2bz0rfcNWBIGzCZJwj2yox5q7awfYh0QOwt0_X0kx5k50mJEhcO6TLx3nbjbOLDCq5lEFPrKP7aSxDYPG6BOsBfAjcw=w502-h240-k-no,", Consumo en el lugar, "
Asadero El Guatecano,Restaurante,Monterrey,4.8812045,-72.8887325,"Monterrey, Casanare",311 8028144,,https://lh3.googleusercontent.com/gps-cs-s/AHRPTWmAauvGBJxP5NhBtzmXkB9W4I-uosQtG4Yb-4XqYWkur71AXWhT7kpaOf8avt79_xDu0edUZmhP0OQxkDhL5p0I4W7K1l0VpFIpvULA2xOi5xYiHDTBkSAnpGQJHRk8d-TsxvxX=w408-h306-k-no,", Consumo en el lugar, Para llevar, Entrega a domicilio"
Ahumados Barril & Parrilla,Restaurante,Monterrey,4.8796563,-72.8954321,"Cl. 19 B #10-39, Monterrey, Casanare",322 3117747,,https://lh3.googleusercontent.com/gps-cs-s/AHRPTWlmLEDbav4My-9o2yV7prPuGyuDouG7ApKeLumNiIv1Sp6IudMPjOcTeElbPAr2PlCEHkzDGgLEU6zJBRpKUDwOwnDD9rsMfL_Xz7sbhJAcf8EcOBfE_00prVgq4z6sE3ZGsf50LQ=w408-h306-k-no,", Consumo en el lugar, Para llevar, Entrega a domicilio"
De La Casa - Sabor Artesanal,Restaurante de comida rápida,Monterrey,4.8785474,-72.8976705,"Cl. 18 #No. 13 - 05, Monterrey, Casanare",322 3345553,,https://lh3.googleusercontent.com/gps-cs-s/AHRPTWm3WrS5WFmoWXRmaTMpqvD6SuyFN_CThzrcap2Wu9LAPxHRcPjCTszK_RikW1yUNOsTXlXX7wqUybLHeZFh187J5RLuJ9H65Y8eHJ-hcdeUCWncda2mqxLk7ojEor19OP_YqF0v=w408-h544-k-no,", Consumo en el lugar, Retiros en la puerta, Entrega sin contacto"
Ferretería Solimpor,Tienda de herramientas,Monterrey,4.877286,-72.8909565,"Cl. 18 #4-12, La Primavera, Monterrey, Casanare",310 7644505,,https://lh3.googleusercontent.com/gps-cs-s/AHRPTWncD8HzoF35GV4sYYLlNwLyNQu-EUW9dMZM00MJmr6EchXOW_VmOy1GP4-urS_2QuwJrp2BBsB1oaZoo19FgGfgLL4YIkxok3ectdORahy1wNXXMEgxZNToDdjk8DueLSRjayU=w408-h544-k-no,", Entrega a domicilio, "
Ferreelectricos Sarita,Ferretería,Monterrey,4.8838591,-72.8949089,"Cl. 23 A #11-97, Monterrey, Casanare",316 3409817,,https://lh3.googleusercontent.com/gps-cs-s/AHRPTWnaIug7bz2QHRGOSh-HEuYUdpVgcZnMFMtQAnCbGGLscuLYPHqPifqLZfbnbvXkwIPUVf50-1U4je10ZMugQDx-2qVdFy46YW2CoggL3KgciZYyY8RfupwGF9k_MwmJxjcjnXQmsg=w550-h240-k-no,", Entrega a domicilio, "
TORNIACCESORIOD,Ferretería,Monterrey,4.8762851,-72.8960244,"Cl. 16 #9-93, Monterrey, Casanare",,,https://lh3.googleusercontent.com/gps-cs-s/AHRPTWnNJbUYzYM8955z8XQ-2_cX3UxhOoG7uHzJEuUfHhHHyNiuy1oWwuQoM8U_Bxw_JJ6liTXAkzhT9XFI2soH--x8Tkm1bRLPx8D8QpEbewQdLMCgFDOeCqE4qyG5_Ab0uRUcmWkUjcwp0-zj=w408-h299-k-no,", Entrega a domicilio, "
Ferretería,Ferretería,Monterrey,4.875861,-72.8943706,"Villa Carola, Monterrey, Casanare",,,https://streetviewpixels-pa.googleapis.com/v1/thumbnail?panoid=YDtdkQgj6JrJPuRZymPAKA&cb_client=search.gws-prod.gps&w=408&h=240&yaw=166.89389&pitch=0&thumbfov=100,", Entrega a domicilio, "
Servipinturas Del Llano,Pintura,Monterrey,4.877822,-72.895033,"855010, Monterrey, Casanare",304 3585791,,https://lh3.googleusercontent.com/gps-cs-s/AHRPTWnBohm1OQdOC5iDk3MWxBqSGZde94KjaRTWR11WbDlSk80PWdr07tSssZOkemIs8yCNA9kaBz7WcCZXCFhSkUAXOJ6UNTfSa8hkncpDKlm10Af_RLS5Eau7d8UzB8UmdIixAkrz3Q=w408-h240-k-no,
Droguería servidrogas del Llano,Farmacia,Monterrey,4.8780874,-72.8963894,"Carrera 11 con calle 18 Alcaravanes, Monterrey, Casanare",323 7165185,,https://lh3.googleusercontent.com/gps-cs-s/AHRPTWnZKHHhCceuT9Y61jfdQ2TxPvfGwlHWkDuOHNywUdLfQpy_odLUGL58ZzJMyHmrrhh8KFMB2K0RxvUaoya0djsLqsvZh3ZWJY9Ng2nNpdRWeV7vptqdfCN1c9vgSvbc3mPiuiDjbQ=w408-h306-k-no,", Compras en tienda, Retiros en la puerta, Entrega a domicilio"
Droguería FarmaSalud Centro,"Tienda de comestibles, periódicos y medicamentos",Monterrey,4.8778631,-72.895607,"Cl. 18 #09-105, Alcaravanes, Monterrey, Casanare",310 2778300,,https://lh3.googleusercontent.com/gps-cs-s/AHRPTWnyTP6ydklXSSMk-eIy7uOKn2876WyL6BA7oNvnTbBiPDpXhr5rYgA6hRs68tary7GZHYiBNXzQ08zthTBbgwNY2Cb8eGWc2KvCsF_DlTeJ5oTq1sLAkEvUEEp3eww2PBgyNEpi7Q9kjMA=w408-h306-k-no,
DROGUERIA FARMA ORIENTE DEL LLANO YOPAL,Farmacia,Monterrey,5.3359321,-72.3937905,"Cl. 24 #20-11, Yopal, Casanare",312 6162565,es-la.facebook.com,https://streetviewpixels-pa.googleapis.com/v1/thumbnail?panoid=OujViYzADwRBt-kEw0-OtQ&cb_client=search.gws-prod.gps&w=408&h=240&yaw=7.1698723&pitch=0&thumbfov=100,", Entrega a domicilio, "
DROGUERÍA MEDIFARM,Farmacia,Monterrey,4.8762437,-72.8975635,"Barrio Alfonso López, Cra. 11 #15- 09, Monterrey, Casanare",320 3467407,,https://lh3.googleusercontent.com/gps-cs-s/AHRPTWkwJy8A9fgWSyROqZnDpPmu1xEF0HlSEVMcuAgQgVpylmr2fxXHCRuNhsUDy_H6my7bxASnJ-4URcbNutOU5vyPUo6ppodWho5Y6lsYixZXQFr-u4bPcrnBVl-sa7UdObsyW-iC2g=w408-h306-k-no,
Droguería los Trillizos,Farmacia,Monterrey,4.8823,-72.8947221,"Calle 11#21a37Monterrey, Monterrey, Casanare",302 2235120,facebook.com,https://streetviewpixels-pa.googleapis.com/v1/thumbnail?panoid=O1dN_mLiVQpbM_q6511DfQ&cb_client=search.gws-prod.gps&w=408&h=240&yaw=222.3589&pitch=0&thumbfov=100,", Entrega a domicilio, "
Supermercados Piolin,Supermercado,Monterrey,4.8816849,-72.8946849,"Monterrey, Casanare",,,https://lh3.googleusercontent.com/gps-cs-s/AHRPTWnrTbjeXsuN4f-uCmJKYnZc-24OVzDuOic45vmG7WjX8MzZuX7S46XFTAaKShKz7db2puyGQrgaOz0yK-hNFa6_JbMXvQauc0cCVUMc48HlcO_KBCBv7Fk3ONcFnijlYmmyPvTg=w426-h240-k-no,", Entrega a domicilio, "
Tiendas D1 - Monterrey,Supermercado,Monterrey,4.8787506,-72.8960378,"Cra. 11, Monterrey, Casanare",,,https://lh3.googleusercontent.com/gps-cs-s/AHRPTWn8Fg1JLeZKOnDfTpjzuRYxY5fHAOFlvf0mAFpgfTsQmfAmpcymeZ6rOiapBfNt3OmH9WaHajtowCOAu-5GAd8KQKJ0-BJCqT8f42qMAqHE9JTnAZxW7va-QFYjn7nsxoGODQHv=w426-h240-k-no,
Autoservicio el Guadalupe,Tienda de alimentación,Monterrey,4.8726853,-72.8869936,"Cl. 13 A #1-40, Monterrey, Casanare",312 3638348,,https://lh3.googleusercontent.com/gps-cs-s/AHRPTWn9It8kyAPvp5fA1sicXrTGhbPTs9WZFBeguqwLRtdmJ4iy1PHNtO47xYXdu_XO2nSseeUef-tCPn2_qAH7t-e1oXdx1fvuuYSIuXqJczZZ13xlcWeZ72t1W2HpVGF5NsbJeyDl=w426-h240-k-no,
Plaza de Mercado,Tienda de alimentación,Monterrey,4.875118,-72.895185,"Monterrey, Casanare",314 4623508,,https://lh3.googleusercontent.com/gps-cs-s/AHRPTWmtPtVLGC-5QTU3HQVBSWzosSQZSl3pfitfI7uN3kdFo39at0s9fKXkNyWEtVSMxpmTVsXjSo_ohl92rSLHDwd2qnxfiODbgPgpl0j09a-KWOdCCFQWCApzY17QCk4AX9N5Romepw=w426-h240-k-no,", Entrega a domicilio, "
Tienda MANANTIAL de MARTHA,Supermercado,Monterrey,4.8796036,-72.8956436,"Monterrey, Casanare",311 2326116,,https://streetviewpixels-pa.googleapis.com/v1/thumbnail?panoid=XOASrMYX4V2DS_veeB6VUQ&cb_client=search.gws-prod.gps&w=408&h=240&yaw=104.36661&pitch=0&thumbfov=100,
Motomar,Taller mecánico,Monterrey,4.883487,-72.8938467,"Cra. 11 # 23 36, Monterrey, Casanare",312 4729562,,https://lh3.googleusercontent.com/gps-cs-s/AHRPTWlDBPqLZYAjlK9RFkdkxlHCg4chzpd1j701QEI8FqEgl8YZ49t93gXb94RLBTgy6oWQjTrLvgRBgU1Ku7s19qo7EC2Qpy2YPn36i2bXJZp1jySSFs5OhmNWZ0FkQy9ufaHX_rYh=w426-h240-k-no,
Mecanicas,Taller de automóviles,Monterrey,4.8854192,-72.8975623,"Via Principal Monterrey #18-16, Monterrey, Casanare",320 2309625,,https://streetviewpixels-pa.googleapis.com/v1/thumbnail?panoid=6rPm_wMwWsrpKy4em5ogRw&cb_client=search.gws-prod.gps&w=408&h=240&yaw=47.612335&pitch=0&thumbfov=100,
Taller Novoa Monterrey,Taller de automóviles,Monterrey,4.8771104,-72.8873509,"Aguazul - Monterrey, Monterrey, Casanare",,,https://lh3.googleusercontent.com/gps-cs-s/AHRPTWneUKK5fkS6YK01QzeXW5VYbowZ3cXpa1LEsSFhY7ihIFnd7tZ8ZbvIS6TvtXtXD3KJZ-K6snZksvo6452sODeuPPM0YqfF4mKQdMtJZCxgZ93ft0UMOCdZro5FLHgRG1_hVMGX=w408-h544-k-no,
Taller libardo,Taller de reparación de automóviles,Monterrey,4.8767177,-72.8879223,"Cl. 18 #1-22, Monterrey, Casanare",,,https://streetviewpixels-pa.googleapis.com/v1/thumbnail?panoid=mHb2QV3qreQib3VhnL-a-w&cb_client=search.gws-prod.gps&w=408&h=240&yaw=357.93533&pitch=0&thumbfov=100,
Taller Premium,Taller mecánico,Monterrey,5.3353257,-72.3940383,"Cra. 20 #24-44, Yopal, Casanare",320 4304562,tallerpremium.net,https://lh3.googleusercontent.com/gps-cs-s/AHRPTWlFXq369ZkEDBBRPedjPPYNJAR-z5axobNkSUrDmrPMjKhL4dnNrYtU4hm6gli7D04QoLa6M1_3TEQGT1lC4tIAA_P7tFmN55_aXLRy73DiR3zKoeyXxxyztihwlV7FlwEKVGP-t4sGH74=w647-h240-k-no,
Almacen Jaider,Tienda de ropa,Monterrey,4.8777087,-72.8936095,"Monterrey, Casanare",311 2646204,,https://lh3.googleusercontent.com/gps-cs-s/AHRPTWnjogOBAuqZE4mxXwFUKqljvoyrRELlghJMOfjmvVdLqo1LZ4MzyG--52oFQfEcS6ZlGM0yfgze26WjPBEUfuCGyFO9LP2c9gxgA8uU3vvTqyHgZhjqAoSvEfuRbZfnhM5RohNQ=w408-h543-k-no,", Entrega a domicilio, "
La Boutiq,Tienda de ropa,Monterrey,4.8779758,-72.8951338,"Cra. 11, Monterrey, Casanare",,,https://streetviewpixels-pa.googleapis.com/v1/thumbnail?panoid=SmVrR_y2i03rhQC8484D_w&cb_client=search.gws-prod.gps&w=408&h=240&yaw=33.481293&pitch=0&thumbfov=100,", Entrega a domicilio, "
KOAJ - Monterrey,Tienda de ropa,Monterrey,4.8775711,-72.8936031,"Cl. 18 #7-21, Monterrey, Casanare",,,https://lh3.googleusercontent.com/gps-cs-s/AHRPTWmpzm1lYs0TG4chAPUzh4XywLuMDV439s-404orUGlYtI_-8YgiOdfosQl9Q3XRbTtP9mVCS1xaOAPuJ2klKIFnQ4UfMtEPGN0jpmMba5NmXyldFEYjUK1MkEwdi55IyMBlm-wtbw=w408-h306-k-no,", Entrega a domicilio, "
Tienda de ropa Inspiración boutique,Modista,Monterrey,4.8792402,-72.895812,"Carrera 2 #número 17 53, La floresta, Monterrey, Casanare",305 3619291,,https://lh3.googleusercontent.com/gps-cs-s/AHRPTWmtpckyzda3KWpvBKNXvyOwoyStQp4Hwlm6tYH25cZ1Sr4YxhIIxhsiWZifLng8ckCH_yOlbGWtgDW37uKi8oIGDxxWAHpNuj8Dbfwkf5nJ6-cLnxe6PrAdILO0fE0Bvsag8lLcTgOOa7b8=w408-h544-k-no,
Almacén tendencias venta de ropa urbana y motos,Tienda general,Monterrey,4.8776907,-72.8943857,"Cl. 18 #893 a 825, Monterrey, Casanare",,,https://lh3.googleusercontent.com/gps-cs-s/AHRPTWnpuqqdUTgk8KyGbGMD-PDAFRuOmAsz2ya9pLoVMbZ1RUEMJKp52gSyczaAhNpQXcSRQ-dRdotLv80Z7tqeEhPuyOt6RxBHRbfvrZl2SpKZg-9ZiFxi0KHZBPvFBkrRhADkxOCs=w408-h306-k-no,"Dotaciones y Servicios Industriales del Llano SAS, No hay opiniones"
Papelería Papirus,Papelería,Monterrey,4.876289,-72.892712,"Monterrey, Casanare",312 5922828,,https://lh3.googleusercontent.com/gps-cs-s/AHRPTWmsiv3yW4KM_EoE6FSW6i_eYV9uqOn8fByWRpupXsdfFnQTgi8bKH86d5R9gBXdaWrD66mB8GL53Q9tT-CsyL4xD9XWjuhhOVe2sPK5xdnhwU7fNzgY8a43qCmPeCwf6b7x84xmEg=w408-h725-k-no,", Entrega a domicilio, "
Papelería LJ SOLUCIONES,Papelería,Monterrey,4.8835118,-72.8941461,"Carrera 11#23-35, Monterrey, Villa del prado, Casanare",313 3442636,,https://streetviewpixels-pa.googleapis.com/v1/thumbnail?panoid=SNwEYLm7ilg_to3dG_s0kg&cb_client=search.gws-prod.gps&w=408&h=240&yaw=280.16266&pitch=0&thumbfov=100,", Entrega a domicilio, "
Papelería la 18,Papelería,Monterrey,4.8779789,-72.8958755,"Cl. 18 #9-99, Alcaravanes, Monterrey, Casanare",313 8575009,,https://lh3.googleusercontent.com/gps-cs-s/AHRPTWmOBTTpeccXtpJ7lobmjnz7rxKjrXnTAq_cEFSy6jMN12U-RE9Tw__uW5V6zzdWbOn71HXzdmcAGsTAi88akS4TRKNl0IcIU8tvLoIUZcZnGEWJQgv7NXTuil5BjU4vPprM9cmk6A=w426-h240-k-no,
Tienda Y Papelería Día o Linn,Tienda de alimentación,Monterrey,4.8846941,-72.8936554,"Monterrey, Casanare",321 9816612,,https://lh3.googleusercontent.com/gps-cs-s/AHRPTWnhD1du9KijloptBIasFVkKUyMUwvXHTmJYlbVPRB-4-Ecd_2fnTYN2fDxdyBmB_cviFgfj-Ndg34MUYZx90YMNuXT797rdx4-PyevGku9XD3kZmQ-IqyMpb9d3Yfsh2uwbku65LQ=w408-h306-k-no,
Papelería,Tienda de regalos,Monterrey,4.8765771,-72.8944373,"cra 8 #calle 16, CENTRO, Monterrey, Casanare",,,https://streetviewpixels-pa.googleapis.com/v1/thumbnail?panoid=n-89il096IqNtMAs9jXhIg&cb_client=search.gws-prod.gps&w=408&h=240&yaw=253.05975&pitch=0&thumbfov=100,", Entrega a domicilio, "
boar hat,Restaurante,Paz de Ariporo,5.8714817,-71.9002938,"Cra. 10 #6 sur, progreso, Paz de Ariporo, Casanare",310 5521348,boarhat.ola.click,https://lh3.googleusercontent.com/gps-cs-s/AHRPTWlXCC7lj0RuTkkGdmYPzxG_4PjlkwUobJ_SGsnKAobh5sHw3xl-K0iHpOXSWktVL9U6OB9gGYNtUwxQhp-nPnzXdh5Vw5SOBextG0eivtPehV1HiD16bKVA_6Rsv6SHFJvbL0Hn=w408-h544-k-no,", Consumo en el lugar, Retiros en la puerta, Entrega a domicilio"
Piqueteadero el Bambú,Restaurante,Paz de Ariporo,5.8847108,-71.9016251,"Paz de Ariporo, Casanare",322 3958052,,https://lh3.googleusercontent.com/gps-cs-s/AHRPTWnYN6EZR9m4tWE51iPoh7VONAdEyyKGdePU9C5Nig5VAsd42sMZM1dC9Z04KGDzRxOSWJKqNRITB5ThGdSOQu8ijIpAtL9HCXZk-h5wckKTC1TuuBoFxcQp_c-YeRNEJUiqUO0c=w408-h544-k-no,", Consumo en el lugar, Para llevar, Entrega a domicilio"
Barbass Cafe Restaurante Bar,Restaurante,Paz de Ariporo,5.8780119,-71.8950919,"Cra. 9 #5 48, Paz de Ariporo, Casanare",320 9999158,,https://lh3.googleusercontent.com/gps-cs-s/AHRPTWk14MdL4Py-aCoyFxy8ah2vmNJ1Pd5G6zuOFyfhvIAQR6mQaFKFz21OrrKMKlOY2cH17-Iz0zeglFcQH6LCw03R7pCL1FaBfOgWYNG6nSv4VWhYDfLq_wsfD2MYa61LEvRxFcQ3=w408-h317-k-no,", Consumo en el lugar, Para llevar, Entrega a domicilio"
Moon Dogs,Restaurante,Paz de Ariporo,5.879706,-71.896812,"Cra. 11 #6 - 37, Paz de Ariporo, Casanare",312 6079255,,https://lh3.googleusercontent.com/gps-cs-s/AHRPTWn_cc8XenxpXzrtrdCt-J4XEWeiJZcilEbhhw2nhWrmNgaf4jjpURUroghqOrlSgyU7FpYOhDJ-R0J-3kKb0aelAv6DiqndXc1kOzIkeXtkGX93g_wJuqXBDMCPrw651QHqs8qP=w408-h306-k-no,", Consumo en el lugar, Para llevar, Entrega sin contacto"
Restaurante El Marinero,Restaurante,Paz de Ariporo,5.8808282,-71.8923542,"a 7-106, Cl. 10 #7-2, Paz de Ariporo, Casanare",320 7826848,,https://lh3.googleusercontent.com/gps-cs-s/AHRPTWlnVZfB8NESDqUC1wCbFF2ftQB7yxKpAfDOJNZl__TBdNqA3TJTxAkh-idNpv4WwELxT3y70zwQyIeHDqv1cb01dMmb4EC575LJoISEhRbO2O1ht0eFoaRMmyABsdwf9L0j8Jto=w408-h306-k-no,", Consumo en el lugar, Para llevar, Entrega a domicilio"
SURTICONSTRUCCIONES FERRETERIA,Proveedor de materiales de construcción,Paz de Ariporo,5.8814704,-71.895734,"Cra. 11 #8-67, Paz de Ariporo, Casanare",312 4781602,,https://streetviewpixels-pa.googleapis.com/v1/thumbnail?panoid=azm5GfKyXE9ngAqjam9LNQ&cb_client=search.gws-prod.gps&w=408&h=240&yaw=337.0658&pitch=0&thumbfov=100,
FERREARIPORO,Tienda de herramientas,Paz de Ariporo,5.8764858,-71.8975871,"Cra. 10 #2-65, Paz de Ariporo, Casanare",317 7696481,,https://lh3.googleusercontent.com/gps-cs-s/AHRPTWlb9N7Y8P7RGKC1VUZHLD3OWlWZSDgrMT5ecjFPw14abld13in1_6ZwDPL5me3_3BMsFekpzLRwtBSGdxl5jRpL_60H9F132-t-tMOQTwGp8ihwVFCcWycbhJoZt65bbszc8glSpLVYotnl=w408-h544-k-no,
Ferretodo Econorte,Ferretería,Paz de Ariporo,5.8729369,-71.8956353,"Cl. 2 Sur #6-32, Paz de Ariporo, Casanare",314 3575910,,https://lh3.googleusercontent.com/gps-cs-s/AHRPTWnUlszfyeY02Hn78B0EmhRao5HtdnbPp4dHBUE_ZOYRybJZIJ8OruJR4xBXpKNfEWGBi-yREvYPptJMCBXjuSMGNsMb1lKY3RDjYGz8aLfvSDvN8z5Bh-cKq6ziukwsxn6t2Gay=w408-h417-k-no,", Compras en tienda, Entrega a domicilio, "
Punto Ferretero La Paz,Ferretería,Paz de Ariporo,5.8816627,-71.8955744,"Cra. 11 #893, Paz de Ariporo, Casanare",,,https://streetviewpixels-pa.googleapis.com/v1/thumbnail?panoid=1EyZWrHO7TbwlHwS25jTeg&cb_client=search.gws-prod.gps&w=408&h=240&yaw=331.37253&pitch=0&thumbfov=100,", Entrega a domicilio, "
EVOLUCIÓN ONE,Ferretería,Paz de Ariporo,5.8804556,-71.8960316,"Cra. 11 #7-19, Paz de Ariporo, Casanare",,,https://streetviewpixels-pa.googleapis.com/v1/thumbnail?panoid=rmI8qM-nXkOxn88w9kgAug&cb_client=search.gws-prod.gps&w=408&h=240&yaw=131.41008&pitch=0&thumbfov=100,", Entrega a domicilio, "
Droguería Super Salud Plus La Paz,Farmacia,Paz de Ariporo,5.8822649,-71.8930269,"Cra. 9, Paz de Ariporo, Casanare",313 4166975,,https://lh3.googleusercontent.com/gps-cs-s/AHRPTWkqOjOinAx0XOQJNzRXnMkMVGb2a1_4O1OQ7I7hNNnjdzGuht0mNSk3KakbOTZKYcLQ5xKHI19_Mdb90N18U9K9ntOvYyk4JeR8y4gHDODQkZTgyTzFGmiQbkVRANoskP_rxJtci81q5EFe=w408-h294-k-no,", Entrega a domicilio, "
Droguería Farmanare La Paz,Farmacia,Paz de Ariporo,5.8766183,-71.8970577,"Las ferias, Cra. 10 #3-11, Paz de Ariporo, Casanare",324 2253263,,https://lh3.googleusercontent.com/gps-cs-s/AHRPTWkrtpC5JDKYBd2IlyiAnZWV6b9p_-KizMZ6OUQqSLgYwMuFRuacQW3ilhS9Q0lRm-gWmmTkd2tBNh2MG9uhMUPgK1F56-DHnhO3AF82xxq9_1i3zKddxCeNRnfEBSarJUlCSCpTzKPmv7Nl=w426-h240-k-no,", Entrega a domicilio, "
Drogueria Farmacor,Farmacia,Paz de Ariporo,5.8817488,-71.8921441,"Cra. 8 #1102, Paz de Ariporo, Casanare",,,https://streetviewpixels-pa.googleapis.com/v1/thumbnail?panoid=8mMjGh6kD7prhOSbZEHWBw&cb_client=search.gws-prod.gps&w=408&h=240&yaw=128.5269&pitch=0&thumbfov=100,
DROGUERÍA DON ANDRES DE LA PAZ,Farmacia,Paz de Ariporo,5.8740132,-71.897519,"barrio El progreso, Cl. 2 Sur #8A- 18, Paz de Ariporo, Casanare",,,https://streetviewpixels-pa.googleapis.com/v1/thumbnail?panoid=YX7UnFbDRHfDt-MkoFcxOg&cb_client=search.gws-prod.gps&w=408&h=240&yaw=343.2587&pitch=0&thumbfov=100,", Entrega a domicilio, "
Drogas Paz Del Llano,Farmacia,Paz de Ariporo,5.8817068,-71.8938925,"Cl. 10 #9-58, Paz de Ariporo, Casanare",310 8551037,,https://lh3.googleusercontent.com/gps-cs-s/AHRPTWlEGxbEozww89gJA5NY1ueIQca6M5x7yKVKwuzT_vUQNSQg2EK-pVH1JvT-lHs86U5t2B0e6RCxqAFyl_TrgYOpJ3EUZDjWyQJzkckfswb9Nkfyjm3PdiOqk82UdHSloxTAeoVD7g=w408-h306-k-no,", Entrega a domicilio, "
Tiendas D1,Tienda de alimentación,Paz de Ariporo,5.8830435,-71.8928881,"Cl. 12 #9-32, Paz de Ariporo, Casanare",320 8417435,,https://streetviewpixels-pa.googleapis.com/v1/thumbnail?panoid=HfMnvjx2w8pZRQ_OhfpYhw&cb_client=search.gws-prod.gps&w=408&h=240&yaw=106.73312&pitch=0&thumbfov=100,", Entrega a domicilio, "
Salsamentaria Express,Supermercado,Paz de Ariporo,5.8790608,-71.8939278,"Cra. 8 #7-1 a 7-107, Paz de Ariporo, Casanare",,,https://lh3.googleusercontent.com/gps-cs-s/AHRPTWm-hpTnhYbTOGzuLEi6OnSRKEZtW-hCIJUxeJF1uKKl6o7GrIeO36cnuotEbL9wTdNNd40oHswoy7ZPchIh6bTgRXtcdcZFTwdy6CK1nOx7gaQJ_9RHLvJr8p3V92gr9p0ySJRcFQ=w408-h544-k-no,", Entrega a domicilio, "
pic paz de ariporo,Tienda de todo a 1 euro,Paz de Ariporo,5.3256203,-72.3935209,"Cl. 34 #15a 11, Yopal, Casanare",312 5231576,,https://streetviewpixels-pa.googleapis.com/v1/thumbnail?panoid=B1j1I2vTTcdFEls-re9Muw&cb_client=search.gws-prod.gps&w=408&h=240&yaw=96.75955&pitch=0&thumbfov=100,
TIENDA LA CALIDÁD DEL NORTE,Supermercado,Paz de Ariporo,5.8829009,-71.8869098,"Cra. 3 #15-39, Paz de Ariporo, Casanare",314 4161013,,https://lh3.googleusercontent.com/gps-cs-s/AHRPTWnhax26R_lRhgIWfFVOVBcczugdPLwmeL5159XptaEYXdQT_2Cgl_8WxwZz7dJgQqvZ_yrTdF2Db_Y8mdR0ztTdrCm_wlWtAWI3x_YKHwBoutjM__R6hPB11biVCRD5cWXv5i2c=w408-h544-k-no,", Entrega a domicilio, "
Merkaviveres Paraiso,Mercado,Paz de Ariporo,5.8880544,-71.8908437,"Cra. 10 #18-21, Paz de Ariporo, Casanare",312 3070541,,https://streetviewpixels-pa.googleapis.com/v1/thumbnail?panoid=sCv5mI0jgE-uSQeI7oTspQ&cb_client=search.gws-prod.gps&w=408&h=240&yaw=319.67142&pitch=0&thumbfov=100,
TALLER & COSAS,Taller mecánico,Paz de Ariporo,5.8784798,-71.897573,"Cra. 11 #4-49, Paz de Ariporo, Casanare",313 8149104,,https://streetviewpixels-pa.googleapis.com/v1/thumbnail?panoid=59-e46rfLIOwGGO-BAU2MQ&cb_client=search.gws-prod.gps&w=408&h=240&yaw=239.93971&pitch=0&thumbfov=100,
Taller Zambrano,Taller de maquinaria,Paz de Ariporo,5.8771698,-71.8772598,"Paz de Ariporo, Casanare",314 2995374,,https://lh3.googleusercontent.com/gps-cs-s/AHRPTWmEyFbfIsloKG1N3ELEEdgGp9Unyr2xZvdFZ1NdLxcztK8SRBBOzcreEO8VG0WIIdvpn3YQ9cVON8Hp6AlYK4AFxz88VYzr_4M9xTGjLWCImd72mchnnh2YNAp_TMJnQK_Uvo7poxeDhLit=w408-h304-k-no,
"Auteco, Pa' su Moto Paz de Ariporo",Taller mecánico,Paz de Ariporo,5.8824679,-71.8952436,"Cl. 10 #11-21, Paz de Ariporo, Casanare",310 4508994,pasumoto.com.co,https://lh3.googleusercontent.com/gps-cs-s/AHRPTWnDAN74MEE5cnQn4kVez7hoSBQouUEr-IR_DQCAgoOY7j9vABgVIMSTPCG5g5PmSlOBfi1cW8-lc7KwYOnXIcL0d_gzEz8HcOiMjywvMBzAFdk9ksd6TXRMoM2u1uUmO9mH7QJ7=w408-h272-k-no,
Servimos el Guerrero,Taller mecánico,Paz de Ariporo,5.8817439,-71.8959466,"Cl. 9 #11-48, Paz de Ariporo, Casanare",323 5038012,,https://lh3.googleusercontent.com/gps-cs-s/AHRPTWmGPLIfw2wR42rpLLG1adRpQKvY_LWxmV1onklm2qFeFo-KNlihH5iCpnRYBAnH5SA-Wv5u6_P4Icg164Rdjg-15JaODblZUK_XYu6KwjXytYy5wWCRDIxM6BzKJzKdSSWSiqnE=w408-h306-k-no,
Taller el mago,Taller de automóviles,Paz de Ariporo,5.8869821,-71.8934073,"Cra. 12 #15-65, Paz de Ariporo, Casanare",,,https://streetviewpixels-pa.googleapis.com/v1/thumbnail?panoid=SxywqMkKx2H1Md3nD7UmGw&cb_client=search.gws-prod.gps&w=408&h=240&yaw=303.58228&pitch=0&thumbfov=100,
KOAJ BASIC PAZ DE ARIPORO,Tienda de ropa,Paz de Ariporo,5.8805631,-71.8928085,"Barrio las villas, Cl. 8 #9-37, Paz de Ariporo, Casanare",(601) 2948999,koaj.co,https://lh3.googleusercontent.com/gps-cs-s/AHRPTWkFQBqZ5cMu0vJVGxA4wn0Tp8ipp8dj3eHfoYU4V4H6snp_Q52IvrS6PIfuvguZ2QhgW0btbxDL9_prM3QLdOJvEqXO0UdrRL9_nK7oSVMTB92_VpBmDI8H0ULdj8Eu6ijQcWbuCw=w408-h306-k-no,", Compras en tienda, Retiro en tienda, Entrega a domicilio"
Moda Extrema,Tienda de ropa,Paz de Ariporo,5.8810634,-71.8949304,"Cra. 10 #8-55, Paz de Ariporo, Casanare",312 4448661,modaextrema.ueniweb.com,https://streetviewpixels-pa.googleapis.com/v1/thumbnail?panoid=F87Xx5Yyqs5mPZqKxYv3LA&cb_client=search.gws-prod.gps&w=408&h=240&yaw=301.59366&pitch=0&thumbfov=100,", Entrega a domicilio, "
Amalia boutique paz de ariporo,Tienda de ropa,Paz de Ariporo,5.8804253,-71.894193,"Cra. 9 #8 57, Paz de Ariporo, Casanare",320 4481697,,https://streetviewpixels-pa.googleapis.com/v1/thumbnail?panoid=qNTk6XXb8G3t0a6lCaqUcA&cb_client=search.gws-prod.gps&w=408&h=240&yaw=273.32178&pitch=0&thumbfov=100,", Entrega a domicilio, "
Moda Cenit,Tienda de ropa,Paz de Ariporo,5.882897,-71.8898014,"Cl. 9 #8-52, centro, Paz de Ariporo, Casanare",317 3142870,,https://streetviewpixels-pa.googleapis.com/v1/thumbnail?panoid=ehCRTGfQvHCWuAmq6rH1Hg&cb_client=search.gws-prod.gps&w=408&h=240&yaw=328.46234&pitch=0&thumbfov=100,
Boutique Almendra Siempre Trendy,Tienda de ropa,Paz de Ariporo,5.8772175,-71.8966864,"Cra. 10, Paz de Ariporo, Casanare",313 2721960,,https://streetviewpixels-pa.googleapis.com/v1/thumbnail?panoid=eq8QCZPKc5eGX18A0zu-yA&cb_client=search.gws-prod.gps&w=408&h=240&yaw=120.291214&pitch=0&thumbfov=100,", Entrega a domicilio, "
Misceláneas Bacatá,Papelería,Paz de Ariporo,5.8798842,-71.8939719,"Las villas, Cl. 8 #8 64, Paz de Ariporo, Casanare",320 8179093,,https://streetviewpixels-pa.googleapis.com/v1/thumbnail?panoid=R9G4mwdMDobTebZPjPgp8g&cb_client=search.gws-prod.gps&w=408&h=240&yaw=35.982403&pitch=0&thumbfov=100,
Papelería y Variedades Nanys,Papelería,Paz de Ariporo,5.8829504,-71.886894,"Cra. 3 #15-45, Paz de Ariporo, Casanare",310 6716933,,https://lh3.googleusercontent.com/gps-cs-s/AHRPTWkE85XwBXC1wYF9MXViF4yVioiESrBPOgMJHxNMPojy7onfE06Tf3EYjRodmQju0ZKUBT8MNBuAXR7sPn-VAFdf3tEpGUjwfyn6l7S3O1H11GxN5M6O4G2KCzsefeWAVQN5Ch1_vg=w426-h240-k-no,", Entrega a domicilio, "
Papeleria Zafiro,Papelería,Paz de Ariporo,5.8779056,-71.8959419,"Cl. 5 #954, Paz de Ariporo, Casanare",,,https://streetviewpixels-pa.googleapis.com/v1/thumbnail?panoid=aDwz5mCev3iBP0ED_5ROLw&cb_client=search.gws-prod.gps&w=408&h=240&yaw=44.906925&pitch=0&thumbfov=100,
SERVICOPIAS PAZ DE ARIPORO,Papelería,Paz de Ariporo,5.8816505,-71.8958058,"Cl. 9 #11-27, Paz de Ariporo, Casanare",6373668,,https://lh3.googleusercontent.com/gps-cs-s/AHRPTWk6YIhHh2vR6-uy9vRzkK3VCCvSzQ51iDEAGS8dhQI7t_v8Gn7yNkYtrqOj3v2Py0cYq-RVR-TzNorEjNBotIQT8N8_tlc1XqkGXm0Hv21R2wDETsp_AZ53e-aFKgP24Cl-csUWUQ=w408-h545-k-no,", Entrega a domicilio, "
Kikos Papeleria PZA,Papelería,Paz de Ariporo,5.8852431,-71.8921471,"Cra. 10 #14-62, Paz de Ariporo, Casanare",311 8101449,,https://lh3.googleusercontent.com/gps-cs-s/AHRPTWm8iHbqdCIimL4YX9vGxzzSAylGsU0uI-F9_u4PwOMJin3Uqrcz1aPMtxNJqOB48UsTkQQeHC8lnbxJDSBEOA64YlvQg9-A-fHe091BmuFPUWB4Ed8Hi93mOIrPFJVT55aQJEOIg_TElERm=w408-h1230-k-no,
Ibiza Restaurante Bar Trinidad,Restaurante,Trinidad,5.4071968,-71.6641069,"Cl. 7 #1-75, Trinidad, Casanare",312 3497901,,https://lh3.googleusercontent.com/gps-cs-s/AHRPTWn-1aMFwwqhtwrdzI5X1gBdULouTi4pj3whtuMOBL8UlAgJlrS4h6nUjLcNefippTOQQw9XhcB-BAxKIcWjpj59VX9zciD_lVYk8K9XoBBF_FrmbjBqeGOUhIaEWhyD07FK-FHc=w408-h306-k-no,", Consumo en el lugar, Para llevar, Entrega a domicilio"
Restaurante La Orejana,Cafetería,Trinidad,5.4058674,-71.6621041,"Cl. 4 #3-19, Trinidad, Casanare",312 5542704,,https://lh3.googleusercontent.com/gps-cs-s/AHRPTWmPcLbfZH-6-hqFPSFQFn0btTfANof8sB5y_FvPc39h92QJo2qzt6INzy8DLCLeWsgNYHEW-6uy7a3CaE8jqWV-8RIT-HDa8v-gA9nhI4W8FrDeMpuLygcKW-5ocHhFaVXahXZUAg=w408-h302-k-no,", Consumo en el lugar, "
Rochy Mar,Restaurante especializado en barbacoa,Trinidad,5.4089719,-71.6595811,"Cl. 6 #735, Trinidad, Casanare",,,https://lh3.googleusercontent.com/gps-cs-s/AHRPTWmYSJMiqjG5efdRsRwPq9_PYemqw7Xqc4egIoprn5niP2aHHy2rgde9ejdrq7RS6HxixIDTHZDWR31nB06yqC66WsLYPHoW_l6OIr4nRtuvVH8Cav1e1FysOBSvtea1jxkzYGaIDdua10ZU=w408-h272-k-no,", Consumo en el lugar, "
Comidas Rapidas J&D,Restaurante de comida rápida,Trinidad,5.4074794,-71.6611225,"Cra. 5 #5_40, Trinidad, Casanare",310 8852813,,https://lh3.googleusercontent.com/gps-cs-s/AHRPTWncPNqS34f8A9POJiLvGsuNOjkc-7FtC-FC3lI2R22vIO8uCQASW6HhixL7fVyoDrBqe0NPEqh064Tu5A7HGoTZnCZyA0Lejesz3xj4Q5_MatblJDen8_U6ImL2rCL9gMGK1vLX9w=w426-h240-k-no,", Consumo en el lugar, Para llevar, Entrega a domicilio"
FRUTA & SAZON,Restaurante de comida rápida,Trinidad,5.4070315,-71.6608601,"crab 5, Cra. 5 #4 26, Trinidad, Casanare",,facebook.com,https://lh3.googleusercontent.com/gps-cs-s/AHRPTWn_VvkEiYQuA7_Nfq91A63Cx-t5ttvM-2XPcb_pGnAIujYbDtD_eh8eGgLTeVLhWT_J5EbX2fYRWzPazp8558gv45RcmzJER3fCWfTPC2puSdimpI4gGoAHMOQAAlRe7h2sp1K0=w408-h306-k-no,", Consumo en el lugar, Pedidos desde el automóvil, Entrega a domicilio"
Ferreconstrucciones La Principal,Ferretería,Trinidad,5.4070645,-71.661177,"Cl. 5 #482, Trinidad, Casanare",,,https://streetviewpixels-pa.googleapis.com/v1/thumbnail?panoid=iE2bu10zEcoqaRdOG7qYjg&cb_client=search.gws-prod.gps&w=408&h=240&yaw=158.26852&pitch=0&thumbfov=100,", Entrega a domicilio, "
FERRE TRANCO,Ferretería,Trinidad,5.413854,-71.6644665,"Trinidad, Casanare",,,https://streetviewpixels-pa.googleapis.com/v1/thumbnail?panoid=MPRLDMFIs81sYNQdqWt8Ww&cb_client=search.gws-prod.gps&w=408&h=240&yaw=242.98979&pitch=0&thumbfov=100,", Entrega a domicilio, "
Construrama,Ferretería,Trinidad,5.4077645,-71.663392,"Cra. 3 #7 -15, Trinidad, Casanare",311 5719354,construramacolombia.com,https://streetviewpixels-pa.googleapis.com/v1/thumbnail?panoid=_GrMkh6DpClqEQyxquFqSA&cb_client=search.gws-prod.gps&w=408&h=240&yaw=195.71475&pitch=0&thumbfov=100,", Entrega a domicilio, "
Ferreagro,Ferretería,Trinidad,5.4074295,-71.6622233,"Cra. 4, Trinidad, Casanare",,,https://streetviewpixels-pa.googleapis.com/v1/thumbnail?panoid=L1QF1hZ6sufViyzRayw6kg&cb_client=search.gws-prod.gps&w=408&h=240&yaw=13.428181&pitch=0&thumbfov=100,", Entrega a domicilio, "
Ferretería Trinidad,Ferretería,Trinidad,5.4067399,-71.6634407,"Trinidad, Casanare",,,https://streetviewpixels-pa.googleapis.com/v1/thumbnail?panoid=uWw60YVcTHbp3VZLPqDw5w&cb_client=search.gws-prod.gps&w=408&h=240&yaw=14.323848&pitch=0&thumbfov=100,", Entrega a domicilio, "
DROGUERIA ANYISALUD,Farmacia,Trinidad,5.4083046,-71.661489,"Cra. 5 #6-60, Trinidad, Casanare",,,https://lh3.googleusercontent.com/gps-cs-s/AHRPTWlw-EEawmhLx5pn9v_RELO39X7B4sCioFaRZQVkhm7CbdaWpYmvBHvemkOkYWxy68QOkTO_QBKWTSo7_1vZ67PDS_-s8C3d7UpfYskctr4wV4LFo46NCsvG-vXeDm_Z_MhT5PxMZkUPY58=w408-h398-k-no,
Drogueria Multisalud S&M,Farmacia,Trinidad,5.4071265,-71.6610804,"Cl. 5 #9-48, Trinidad, Casanare",312 4729355,,https://lh3.googleusercontent.com/gps-cs-s/AHRPTWlU8J8aujIJhuolMtVQWKU_Yxs1fiz4avkreTm6ccMiVLMt5QykHMFbE4D3h3ewxVjcfaj9OO2CtFcc5OWk2ajoW6Kqp0B4E6OGhmbBiXFpEPd5uhD3n8IltxMIVtw4fqI0aBShyg=w408-h306-k-no,", Entrega a domicilio, "
DROGUERIAS Farmacenter,Farmacia,Trinidad,5.4072063,-71.6625867,"Cl. 6 #341, Trinidad, Casanare",,,https://streetviewpixels-pa.googleapis.com/v1/thumbnail?panoid=U1Qqbc0iJKmXLVpRd-qArg&cb_client=search.gws-prod.gps&w=408&h=240&yaw=342.52365&pitch=0&thumbfov=100,
DROGUERÍA AMERICA,Farmacia,Trinidad,5.4066404,-71.662777,"Cra. 3 #537, Trinidad, Casanare",,,https://streetviewpixels-pa.googleapis.com/v1/thumbnail?panoid=Nh80gbe0k_amTTN0l_3FNg&cb_client=search.gws-prod.gps&w=408&h=240&yaw=241.24394&pitch=0&thumbfov=100,
Drogas Del Pauto. M.Y San Luis,Farmacia,Trinidad,5.411711,-71.6614735,"Cl. 10, Trinidad, Casanare",,,https://streetviewpixels-pa.googleapis.com/v1/thumbnail?panoid=fKIVkLMLd9lZJcPTApSWJw&cb_client=search.gws-prod.gps&w=408&h=240&yaw=308.41516&pitch=0&thumbfov=100,", Entrega a domicilio, "
"SUPERMERCADO, EL GAVAN",Supermercado,Trinidad,5.4051834,-71.6598874,"Trinidad, Casanare",,,https://streetviewpixels-pa.googleapis.com/v1/thumbnail?panoid=RrShUB5q01wUlL-yqx-a0Q&cb_client=search.gws-prod.gps&w=408&h=240&yaw=33.127945&pitch=0&thumbfov=100,", Entrega a domicilio, "
Tienda D1,Supermercado,Trinidad,5.4066122,-71.6627583,"Cra. 3 #5-33, Trinidad, Casanare",,,https://lh3.googleusercontent.com/gps-cs-s/AHRPTWlzHVltTPZ3QykXRozRTSuHwol1Ch22e65oePC9bxWxkPUdxCV4-9waiadYpGuYL7-Odo1KlNYCoi2Vq0xxezC1UlxLqVnZ-80fYo20wvGfnFNMllqW5uD8h7CG5nUJL_ZXfhRonQ=w426-h240-k-no,
Autoservicio Coromoto,Supermercado,Trinidad,5.4125048,-71.6637308,"Cra. 5a, Trinidad, Casanare",,,https://streetviewpixels-pa.googleapis.com/v1/thumbnail?panoid=I8YMI0ryKooHImypASjUlQ&cb_client=search.gws-prod.gps&w=408&h=240&yaw=91.580734&pitch=0&thumbfov=100,", Entrega a domicilio, "
AUTOSERVICIO COMPREFACIL,Tienda de alimentación,Trinidad,5.4076295,-71.6615781,"Cl. 6 #484, Trinidad, Casanare",,,https://streetviewpixels-pa.googleapis.com/v1/thumbnail?panoid=GTUnvLTYJXNFERD_0fEO3A&cb_client=search.gws-prod.gps&w=408&h=240&yaw=144.66754&pitch=0&thumbfov=100,
Señor Market,Tienda de alimentación,Trinidad,5.4101786,-71.6639006,"Cra. 4, Trinidad, Casanare",,,https://streetviewpixels-pa.googleapis.com/v1/thumbnail?panoid=1GnH00sozB1MNEDOKwfc6w&cb_client=search.gws-prod.gps&w=408&h=240&yaw=251.06158&pitch=0&thumbfov=100,", Entrega a domicilio, "
Taller Nufiell,Taller mecánico,Trinidad,5.4079547,-71.659891,"853010, Cl. 5 #6-38, centro, Trinidad, Casanare",313 4472831,,https://lh3.googleusercontent.com/gps-cs-s/AHRPTWkqerhE7cbppTiPNjJ18f_zN9Oa565Pi6qyZG2xd157sCskfHIf7vP0JxDDAJ8V8CCSJvH4ljqRoL70E2CefwmDx0TKCgAs7K7LrJiaAH7ws6GUuTwpOyncvbYC6u3UnORilz8=w408-h725-k-no,
Boutique New Fashion,Tienda de ropa,Trinidad,5.4077238,-71.6633732,"Cra. 3 #703, Trinidad, Casanare",,,https://streetviewpixels-pa.googleapis.com/v1/thumbnail?panoid=HG3UO6GLnsVX94_tYbTgjQ&cb_client=search.gws-prod.gps&w=408&h=240&yaw=243.22018&pitch=0&thumbfov=100,", Entrega a domicilio, "
Extasys Boutique,Tienda de ropa,Trinidad,5.4075403,-71.6631516,"Cra. 3 #674, Trinidad, Casanare",,,https://streetviewpixels-pa.googleapis.com/v1/thumbnail?panoid=Zmyyu-AhCwalR03GfMBxHA&cb_client=search.gws-prod.gps&w=408&h=240&yaw=30.948746&pitch=0&thumbfov=100,", Entrega a domicilio, "
Tienda Maliro's,Tienda de ropa,Trinidad,5.4104488,-71.6630524,"Cra. 5, Trinidad, Casanare",,,https://streetviewpixels-pa.googleapis.com/v1/thumbnail?panoid=xRAQFh90lGlmuB-jF9aKIA&cb_client=search.gws-prod.gps&w=408&h=240&yaw=243.92818&pitch=0&thumbfov=100,", Entrega a domicilio, "
Almacen Leidy Esport,Tienda de ropa,Trinidad,5.4076648,-71.6613992,"Cra. 5 #571, Trinidad, Casanare",,,https://streetviewpixels-pa.googleapis.com/v1/thumbnail?panoid=tSALlEfvXJTpy0Sle89MEA&cb_client=search.gws-prod.gps&w=408&h=240&yaw=277.08008&pitch=0&thumbfov=100,
El perfume Paris,Tienda de ropa,Trinidad,5.4070096,-71.6629775,"Cra. 3 #6-03, Trinidad, Casanare",320 5770837,,https://streetviewpixels-pa.googleapis.com/v1/thumbnail?panoid=JMxh1PXgmBb7RMpNtfOPaw&cb_client=search.gws-prod.gps&w=408&h=240&yaw=286.6873&pitch=0&thumbfov=100,", Entrega a domicilio, "
"Don Diego, Parrilla Bar",Restaurante,Orocué,4.7905128,-71.3378349,"Cra 11 calle 3 B, Tierra Blanca, Orocué, Casanare",312 4807108,,https://lh3.googleusercontent.com/gps-cs-s/AHRPTWkRyB83v9ocDCYLDWoesd9V_O6Wg5I2R5qNnR7J0H1taeWAf-2Nqse_UXFaiv27tLbOSv7dZAvYF7MIQfJ2joJyntByGL_flQ62o_DxDaEYVC0mwuNbfjCGI18g6KyJOS_324BA=w408-h306-k-no,", Consumo en el lugar, Pedidos desde el automóvil, Entrega sin contacto"
Restaurante y Asadero Los pumarrosos,Restaurante,Orocué,4.7867799,-71.3409399,"Guerrera Blanca, Cl. 3 #15 85, Orocué, Casanare",322 2324971,,https://lh3.googleusercontent.com/gps-cs-s/AHRPTWkoHANrcBK1s0_dRBrydm4Z78-CrgbrEzF7X0KQEAYsQsYcxgYeAIB07rA-fiBXGhUeeUYc_4U2czhJNzJEal8qP_BtyUEjQHz43_ZhCL3V40uBH6W17nU5ukymC8d4M_lKeCE=w408-h354-k-no,", Consumo en el lugar, Pedidos desde el automóvil, Entrega sin contacto"
Sazón de meri,Restaurante especializado en chuletas,Orocué,4.7893471,-71.3373351,"Cl. 2 #11-62, Orocué, Casanare",317 8763031,,https://lh3.googleusercontent.com/gps-cs-s/AHRPTWkWVHH25AhcWFNH6Iqi0j8laF6lMyBd9p6wR-HZCwtsebjrE4QVjNKfcMYoda72PcUE2Yck8A_nhwQBcqkAM3S4fPdEWQ3u8riZM5MN_hRXX_HbUVi8l1x8P6wocyvzz86wW9M41gBe4XN3=w408-h306-k-no,", Consumo en el lugar, "
301 Drink station,Restaurante de comida rápida,Orocué,4.7944784,-71.3360038,"Orocué, Casanare",310 3491684,,https://lh3.googleusercontent.com/gps-cs-s/AHRPTWk2DxXJVBkX0SjLLMJnPi6zijzEaCWO_Ys8XY0BC1cyfJ-gbV69KOZpX5jpyeZ3ifPigk9eaa32rdml4FoCINMdBhIOkVh0kBoEQZjEmoO8-knTvNPPg1J2qftfaafaCZ7l6Z79=w408-h544-k-no,", Consumo en el lugar, Para llevar, Entrega a domicilio"
Restuarante Punto Rico,Restaurante,Orocué,4.9999107,-71.8843734,"El Algarrobo, Orocué, Casanare",312 4801649,,https://lh3.googleusercontent.com/gps-cs-s/AHRPTWk8YuhGAFO1zR_TErtIKfZjBSzVjA5j0bNwrtmsQQNrCjK_s3h_9L-as4g4zlDPvphdjUhxaKgjwmTe5gPOxY2G4IMTVsckETEsk_R-wigqAF-Qw-gl5oQ24oMMSJcOgQexdvi48Q=w408-h306-k-no,", Consumo en el lugar, Para llevar, "
FERREGAS S&S EQUIPOS,Tienda de herramientas,Orocué,5.3333505,-72.4009872,"Cl. 24 #12-57, Yopal, Casanare",311 2966449,,https://lh3.googleusercontent.com/gps-cs-s/AHRPTWn2N-h-YGi2Z2qUflRM1oDEXSS_CCTG4ibztqefHq4BAvHt9xf3aJ4bsSR99izaed0Xiu6L2ZDJ-qIRqjimkfn-UIw3072e4aZnit7THaSNw2YBiw-8DaVStUWFPqpYhUF-SChEttDnJxFf=w408-h307-k-no,
Ferreteria La Urbanizadora,Ferretería,Orocué,5.3200048,-72.397871,"Yopal, Casanare",,,https://streetviewpixels-pa.googleapis.com/v1/thumbnail?panoid=o8Ahx5zpK7A9WLmLnHQRlA&cb_client=search.gws-prod.gps&w=408&h=240&yaw=345.86636&pitch=0&thumbfov=100,", Entrega a domicilio, "
Ferretería la 15 Yopal,Tienda de herramientas,Orocué,5.3250272,-72.3937283,"20 de julio, Yopal, Casanare",310 2266068,,https://lh3.googleusercontent.com/gps-cs-s/AHRPTWmnWVfVwPWGLLUjcjNsIST4bNLg3txyV3BReZkPGCwIOYITCz_8U9LBuiPC2DHRt5wevfcD6-X4uVU4Jnq3b0C4rjx_fsN72_eTQ8KTzcPbRBXNsn0ExOXkbvzLWhKT5189nFWozg=w408-h544-k-no,", Compras en tienda, Retiros en la puerta, Entrega a domicilio"
Ferrelectricos El Compadre,Ferretería,Orocué,5.318445,-72.3963989,"Cl. 40, El Banco, Yopal, Casanare",311 5952912,,https://lh3.googleusercontent.com/gps-cs-s/AHRPTWmxKMvN5l9UXzetPxgxO6nc-hEH9eSH24NpKRuaOh2MN6Lbai6n2LDB-7XDRvaDqZGXTX0BN3TBFh9j1FKcnIlGQqOoiA1jdE62TuzMCkhdYgm88Vbq2_YqqnT-k5Pj9UfD5kuk=w408-h244-k-no,", Entrega a domicilio, "
Ferretería Arco Llanos,Tienda de herramientas,Orocué,5.3183931,-72.402322,"Cl. 40 #7 - 04, El Laguito, Yopal, Casanare",322 3437432,instagram.com,https://lh3.googleusercontent.com/gps-cs-s/AHRPTWndtDPffTAXLZwrP5qXS1ew2ND0XKvGnx-m91hAdcK4n-4JaOYmg5YYeaU0OumtHsIvZhW0dZ3S-F8lrZiB0-9csac1eH3GsLXdR2JcCl9tzcuvN_AukotP3T1HWvhaSxOyt--L7Q=w408-h306-k-no,", Entrega a domicilio, "
Autoservicio El N1 de la Canasta,Supermercado,Orocué,4.7917054,-71.3353192,"Cl. 4 # 8 - 56, Orocué, Casanare",322 4169760,,https://streetviewpixels-pa.googleapis.com/v1/thumbnail?panoid=xNYVwm8vYYNV4xQ9jlzkkQ&cb_client=search.gws-prod.gps&w=408&h=240&yaw=358.32104&pitch=0&thumbfov=100,", Entrega a domicilio, "
FRUVER LA PREFERIDA!,Tienda de alimentación,Orocué,4.7891706,-71.3417028,"Cl. 4, Orocué, Casanare",,,https://streetviewpixels-pa.googleapis.com/v1/thumbnail?panoid=OYZjBxEynZId5pTGExqhcw&cb_client=search.gws-prod.gps&w=408&h=240&yaw=117.940636&pitch=0&thumbfov=100,
Autoservicio Mi Placita,Tienda de alimentación,Orocué,4.7877298,-71.3448614,"Cra. 18, Orocué, Casanare",,,https://lh3.googleusercontent.com/gps-cs-s/AHRPTWl7HHeJmJa1YUQiVWD89-f7WOgSUeERa4NPLw8bSl4vPuvDugdBIZafTx4tnj9EWfJ9spv6gYrxzD9Tmca6L8fajydTfgDB6o_Y1tUokxMGWYcClSLbi2WQ-CQJ7bRwZu20fisj=w426-h240-k-no,
Tienda De Dora,Tienda de alimentación,Orocué,4.7877917,-71.3386213,"Orocué, Casanare",,,https://lh3.googleusercontent.com/gps-cs-s/AHRPTWm1eCvWkFQeqJxub9OXy5T7Tlr4P_dILZN1OMOvNXro7ScchRnlOayNQ8VvT-WQNZNPpD_WVlfvlNmtuZWKFuEtb_1xO3xkA3HR8YesWrKrvj6fY2yQr3VIYp6sHpXoKoQIfIs=w408-h306-k-no,
Tienda donde Sheylla,Supermercado,Orocué,4.7915722,-71.3425579,"Calle 4ª N #15C-33, Orocué, Casanare",,,https://streetviewpixels-pa.googleapis.com/v1/thumbnail?panoid=0dA7DOBbcDiqzhTw298snA&cb_client=search.gws-prod.gps&w=408&h=240&yaw=182.92642&pitch=0&thumbfov=100,", Entrega a domicilio, "
Taller mecánico JF Automotriz,Taller mecánico,Orocué,5.3337446,-72.4005119,"1ª de mayo #850001, Yopal, Casanare",313 3845221,,https://streetviewpixels-pa.googleapis.com/v1/thumbnail?panoid=IqJXKJluF7mc4BIC-kolaA&cb_client=search.gws-prod.gps&w=408&h=240&yaw=304.03116&pitch=0&thumbfov=100,
El Chucurí,Taller de reparación de automóviles,Orocué,5.33281,-72.39336,"Yopal, Casanare",86342052,einforma.co,https://lh3.googleusercontent.com/gps-cs-s/AHRPTWm5qCmnE9v_KbpcRnrMsI-67-omyFAQyuMrc0-v8OOFaiQIfXzU2kuDaO8Oapg_r0HR4arsC1IlVnpMKvTf87rMmS9OOaSeJY2vEUmNOoqHDwKLNBppmAuiYn8jbM-ZvAyxAJ0=w408-h544-k-no,
Mecánica Automotriz AutoVargas,Taller mecánico,Orocué,5.3350526,-72.3969916,kra17#23-04,314 2376038,,https://lh3.googleusercontent.com/gps-cs-s/AHRPTWnW3p1OD-6sxFW54srsmlDlo0uN8EDa7vPIhb6_PN46hE7FU7EVbdtgLJOuga9reMMKU-Qn-K00V_zJaIoTAY8MaKdJf4J6QWVskwhq4XeSE8SzISMp9Ig0Zd1la95LVov_oXg=w408-h544-k-no,
Favio Vargas,Taller mecánico,Orocué,5.337833,-72.3933799,"Cl. 22 #16a 00, Yopal, Casanare",310 3203113,,https://streetviewpixels-pa.googleapis.com/v1/thumbnail?panoid=B6wAEZiaV0EyUrDjZ1QgLQ&cb_client=search.gws-prod.gps&w=408&h=240&yaw=160.22723&pitch=0&thumbfov=100,
Taller el alex,Taller mecánico,Orocué,5.323397,-72.4050932,"Cra. 5 #calle 56, Yopal, Casanare",,,,
Deportivos LauraMaria,Tienda de ropa de mujer,Orocué,5.3191717,-72.4002302,"Cra. 14 A #bis 38 73, Yopal, Casanare",320 8845031,,https://streetviewpixels-pa.googleapis.com/v1/thumbnail?panoid=vvMbhrEPpJfd7qOE5oIelQ&cb_client=search.gws-prod.gps&w=408&h=240&yaw=265.97165&pitch=0&thumbfov=100,", Entrega a domicilio, "
Danna's Closet,Tienda de ropa,Orocué,5.3312394,-72.3916417,"Cra. 20 # 29-46, Yopal, Casanare",,,https://streetviewpixels-pa.googleapis.com/v1/thumbnail?panoid=vNaO4BUXEJp1tg0TxvNLuw&cb_client=search.gws-prod.gps&w=408&h=240&yaw=260.1367&pitch=0&thumbfov=100,", Entrega a domicilio, "
Boutique Pijamas Yopal,Tienda de ropa de mujer,Orocué,5.3238232,-72.394819,"barrio el nogal, Calle 35 A #16-09, Yopal, Casanare",320 8843090,wa.me,https://lh3.googleusercontent.com/gps-cs-s/AHRPTWlD8NyBc1ISNOePn8Bh08qald_SxVowJIk5olSN1m6-g89hgED7QD4GD55d5MNi2aCmMkPdVxBV4eyuExvVOCWP5GtDhu0_vPTbkwlnOGWtLf7TZxJ-7UHqSq_0wguoDxFi2PaQEw=w408-h408-k-no,", Compras en tienda, Retiros en la puerta, Entrega a domicilio"
Presencia Boutique,Tienda de ropa de mujer,Orocué,5.3293768,-72.4051198,"Cra. 8 #43A-46, Yopal, Casanare",310 7980604,presenciaboutique.com,https://streetviewpixels-pa.googleapis.com/v1/thumbnail?panoid=Hl4m1GPEk_XqGBq1PTk4Jw&cb_client=search.gws-prod.gps&w=408&h=240&yaw=270.1092&pitch=0&thumbfov=100,
SJB,Tienda de ropa,Orocué,5.3246898,-72.3989343,"Cra. 12a #32a -67, Yopal, Casanare",319 3501881,,https://streetviewpixels-pa.googleapis.com/v1/thumbnail?panoid=ykPuPSbGBFW0WNTXjkTaFg&cb_client=search.gws-prod.gps&w=408&h=240&yaw=118.986694&pitch=0&thumbfov=100,", Entrega a domicilio, "
Restaurante asadero Rapipizza,Restaurante,San Luis de Palenque,5.4224082,-71.7329584,"barrio primavera, Cl. 2 #8 36, San Luís de Palenque, Casanare",310 5552434,,https://lh3.googleusercontent.com/gps-cs-s/AHRPTWl7SkJ25B4oTNJjL8fSev6_Np9xkc-P04P0YV4Is4tnXbJkRPA3eNgSuPdWo20-n_YVLF6EtKYtxhtySo73GkluX8r07bgv3bNVcteFIs1LSOgANZTA4-MoHo4iQ0Gh0SRuByOPwA=w408-h306-k-no,", Consumo en el lugar, Retiros en la puerta, Entrega sin contacto"
Terraza Gastrobar,Restaurante de comida rápida,San Luis de Palenque,5.4226002,-71.729156,"Cl. 2 #4-32, San Luís de Palenque, Casanare",314 2065945,,https://lh3.googleusercontent.com/gps-cs-s/AHRPTWnk37N3pESuhwmqBsqXNnz6PNWZx-2Qs06fQE0vRAwjD7aMehnDTGUm8p1hRaV19e7tMAzb86DwbAzqWIim-RGqXEdAti2Ckd-9JPjEv3fWFxbAYIF-F00vU9K1qUoMBf0uoKnXATRS6P0O=w408-h306-k-no,", Consumo en el lugar, "
ASADERO DISCO BAR LA ROCA,Restaurante,San Luis de Palenque,5.4199717,-71.7306687,"Cra. 6 #4-2, San Luís de Palenque, Casanare",,,https://lh3.googleusercontent.com/gps-cs-s/AHRPTWkoxQwFvElGat95gYxQnvZ5AJU0Yp_ufFYZbD64Nqmduw9k04pW1760id53vDceQ4GH3b12Gq-NONKBAo4RH7Fyh50wKDK27Y1azaaq9Z1c1slUBQMTTDia2exv1yjvTZPPLHuF=w408-h306-k-no,", Consumo en el lugar, Pedidos desde el automóvil, Entrega sin contacto"
Cocinera Real,Restaurante,San Luis de Palenque,5.4267597,-71.7367685,"San Luís de Palenque, Casanare",,,https://lh3.googleusercontent.com/gps-cs-s/AHRPTWkfJ9YnbgK-sRWHmFgN9Axd-Ix-YyHrBb9NNgG6_w_eS3wSAragB2TXK0zKm78hGS2IuJPiLe3UFEulqMTuyRDAEZfzr_GLI_cxyEAG5c9xvrKgMnbmnw0Y2ru9dW6-UYALP-4TqNTXMWY=w408-h541-k-no,
Hotel - Restaurante La Campechana,Restaurante,San Luis de Palenque,5.4203622,-71.7281918,"a 4-113, Cra. 5 #4-1, San Luís de Palenque, Casanare",313 8725193,,https://lh3.googleusercontent.com/gps-cs-s/AHRPTWlnrbu2JnF-9BdIMOOfY3DYy_j1Vm-58iFr-QL7H5cEVqZQ24oLLH0nSlYe8VvoNZnYhn5950yb4g9ghPyXm9T5qlqeDwMEn_9jZeAfT-AfIlvr52E44gxyhCM9QKMvzBuiVZR4=w408-h725-k-no,", Consumo en el lugar, Para llevar, "
Soda Fountain,Tienda de alimentación,San Luis de Palenque,5.4235014,-71.7286423,"#3- a 3-, Cl. 2, San Luís de Palenque, Casanare",320 9723870,,https://lh3.googleusercontent.com/gps-cs-s/AHRPTWnfWpuutwijYGxtfZD2MJXhBz_XDqphRau9JRg8RNGHYlSi40g4RQnqNybceh4MYrKzpNPa-hxpeSO8EDJw4vXqUEnVIKqHME9JzFXyJk76cnz5jBlz4-tlY3-fnTpRY84DVGnnQg=w408-h306-k-no,", Entrega a domicilio, "
LEJU Minimarket,Tienda de alimentación,San Luis de Palenque,5.4206693,-71.7323835,"Cl. 4 #8 02, San Luís de Palenque, Casanare",,,https://streetviewpixels-pa.googleapis.com/v1/thumbnail?panoid=clZ8aP1Tmpxc1k67UKirIA&cb_client=search.gws-prod.gps&w=408&h=240&yaw=118.205246&pitch=0&thumbfov=100,
Restaurante Y Asadero El Garcero,Restaurante,Pore,5.7326504,-71.9950283,"Cra. 19 #8-62, Pore, Casanare",3222,,https://streetviewpixels-pa.googleapis.com/v1/thumbnail?panoid=qrakvTQvQxMX-nAYggC2UA&cb_client=search.gws-prod.gps&w=408&h=240&yaw=171.69547&pitch=0&thumbfov=100,", Consumo en el lugar, Para llevar, Entrega a domicilio"
TIGÜ RESTAURANTE,Restaurante,Pore,5.7277905,-71.9965001,"Cl 4 #16, Pore, Casanare",322 3391489,facebook.com,https://lh3.googleusercontent.com/gps-cs-s/AHRPTWk-hS_5IOQeuTkXwpk_i9KCXatOCjjg--4xgZyjzf6HcXxO15V6ZgvgNoag5Y0LHG3xA-OwFhIFApxivAh33PSEkig4POGR9PEDkE8zYWCHbrdfC4LHuyeK6CKwOtYrxQ8XPGGO=w408-h306-k-no,", Consumo en el lugar, "
Pore burguer,Restaurante,Pore,5.7306601,-71.9914596,"Cra. 14 #9-47, Centauros, Pore, Casanare",314 3283054,,https://lh3.googleusercontent.com/gps-cs-s/AHRPTWnuc4sxRUgbnpGCR3agHwVJotBSgvgfvBIOEi7K0i4jwoNf1rG_-7kpXO8XFrRp9FJHfTSkE4HeArZnGqCAi37yeMvEuQ2jxss3FqwqsxmiJ1C5ciXOf-PNmjgNY1yj-j14OI-DuhU91bQ=w408-h544-k-no,", Consumo en el lugar, Pedidos desde el automóvil, Entrega sin contacto"
Árepas Tian,Restaurante de comida rápida,Pore,5.7307493,-71.9985897,"Carrera 21 #5 - 33, Pore, Casanare",311 6380924,,https://lh3.googleusercontent.com/gps-cs-s/AHRPTWlJeDKm-oHynz-Mx-aazAdlp7RMtcV4Lq1TK4PiNDIWoA8JuHHXs4MP3UZpYFzk3XwrcFu6dESCNMTjlSlhpLALvNSx7LkCf_eXVbBEAGMXXPorN1ycg1Bz9687V21iwh3ZDOV-=w408-h306-k-no,", Consumo en el lugar, Pedidos desde el automóvil, Entrega sin contacto"
EL PORTÓN Gastrobar,Restaurante de comida rápida,Pore,5.7280853,-71.9981688,"Cl 3 #18-52, Pore, Casanare",311 4536726,,https://lh3.googleusercontent.com/gps-cs-s/AHRPTWkIwQ1G6IpwAbejArsdIECXL3hM82dAjithXAznaDPzIxglrzMKVw_7eu9FvS9oP4q2pUqPmKU7B_DqFfw1BlaKJbwgyPe0D5kTGelVgpxWPPJlZCnP-MchQrrsgBr6i_LS_Ma-q5cLNOBO=w408-h544-k-no,", Consumo en el lugar, Para llevar, "
FRUTAS Y VERDURAS CAMPO REAL,Tienda de alimentación,Pore,5.7266135,-71.9943618,"Cl 4 #14-16, Pore, Casanare",310 7856537,,https://lh3.googleusercontent.com/gps-cs-s/AHRPTWl_IUktVLzUcXm_D9UJDkYM9tmaBz266IJoSN6vLvofSZO2BYWvBWoonMNvOwejIPAyCaSa9mPJ9sK3abfpenWWPdN4UYrLPM-fYSk8rQxeq3HyZlPwAvGXHc6cloJ9vSXybpRl=w408-h306-k-no,", Entrega a domicilio, "
FRUVER LA CURAMA,Frutería,Pore,5.7292271,-71.998278,"Cl 4 #19 - 50, La Esperanza, Pore, Casanare",314 4037180,,https://lh3.googleusercontent.com/gps-cs-s/AHRPTWnuoYwAtOSKzgNyA6BWfy6nnpSyahXEhNciruVcOQ7qKX2EJBIBvcy7BFL_36SqNUnD5wxHVqvr6tgwEPp3fyo3GmcD747ggvSdzyq5qtDk9ePRGtqlyvzqvoBjivWTaAAXm9QZ=w408-h541-k-no,", Compras en tienda, Retiros en la puerta, Entrega a domicilio"
Cayena,Tienda de alimentos naturales,Pore,5.7292866,-71.9981985,"Cl 4 #19-56, Pore, Casanare",314 2036910,,https://streetviewpixels-pa.googleapis.com/v1/thumbnail?panoid=Md0k2a_oe8sZywt_ikenlA&cb_client=search.gws-prod.gps&w=408&h=240&yaw=29.664482&pitch=0&thumbfov=100,
Tiendas D1 De Todos!,Tienda de alimentación,Pore,5.7300221,-71.9997841,"Pore, Casanare",,,https://lh3.googleusercontent.com/gps-cs-s/AHRPTWkxJkMgTHfzEwooNPFqcyJxIW0iRLC4IiU2Ne3YtptUy5tGsxuG2apAa3AwBmQRo9nCSLL77d1ADRp2rss1cK9Ym00yyS7YOMWA9vaOoVURf39ZtbX4t8CyANUqrach7O0pYRCVwQ=w408-h306-k-no,
MiniMarket Chente,Tienda de alimentación,Pore,5.7258114,-71.9869205,"Cra. 7 #17 - 57, Monterrey, Pore, Casanare",,,,
Taller las dos P,Taller de reparación de automóviles,Pore,5.7291867,-71.9910375,"Cra. 13 #7-46, Pore, Casanare",313 8559359,,https://streetviewpixels-pa.googleapis.com/v1/thumbnail?panoid=Bl2_6Rf8TVyZ14AErCAngA&cb_client=search.gws-prod.gps&w=408&h=240&yaw=114.5493&pitch=0&thumbfov=100,
Taller de motos E&M pore,Taller de reparación de motos,Pore,5.7300505,-71.9992389,"Cl 4 #20-72, Pore, Casanare",312 7650731,,https://streetviewpixels-pa.googleapis.com/v1/thumbnail?panoid=r1Ch_DxvuCoFDy--nip9uA&cb_client=search.gws-prod.gps&w=408&h=240&yaw=63.75893&pitch=0&thumbfov=100,
Maylu,Tienda de ropa,Pore,5.7298026,-71.9989764,"Cl 4 #20-22, Centro, Pore, Casanare",310 2111287,facebook.com,https://lh3.googleusercontent.com/gps-cs-s/AHRPTWnd_FffGpGtTBAaTgfga1ltSVMEr92VCW_CZASin0kP-UAcT2OSYf5Sk1jBhMb8d01J4jlPHkD4sA5wKs7h91kJhTFIt3nBLT-ufd_cZ_RTJyQ8cRNCmbUjvdGknbK_QbP18TaJDA=w408-h544-k-no,", Entrega a domicilio, "
Boutique Tatty Store,Boutique,Pore,5.8848909,-71.8924683,"Cra. 10 #14-27, Paz de Ariporo, Casanare",318 5157607,,https://streetviewpixels-pa.googleapis.com/v1/thumbnail?panoid=ohTKALxXUzGnfJaA-rVTzA&cb_client=search.gws-prod.gps&w=408&h=240&yaw=30.199274&pitch=0&thumbfov=100,
BELLA BOUTIQUE,Boutique,Pore,5.8807019,-71.8946978,"Cra. 10 #8-60, centro, Paz de Ariporo, Casanare",311 8129257,,https://lh3.googleusercontent.com/gps-cs-s/AHRPTWk3SL2Yjoso_PLFJJxPt-D38PTd65CUO1x0QJirVVrlyE-bEX4fhjK-7PP2WvY2rQA-vhZROJVuyo0Khw5n8I_qXymP7I4Fd1tSy0k_RhVrqiWgLXgPKdSgrZnSfxN9sdA4yIsAiqaOoo3u=w408-h544-k-no,
Almacén Dayanita Aguilar,Tienda de ropa,Pore,5.7275115,-71.9960727,"Cl 4, Pore, Casanare",,,https://streetviewpixels-pa.googleapis.com/v1/thumbnail?panoid=fc9R2v3LM8r9e9bBkVF2-g&cb_client=search.gws-prod.gps&w=408&h=240&yaw=212.6734&pitch=0&thumbfov=100,", Entrega a domicilio, "
Aquarius Tienda de Ropa,Tienda de ropa,Pore,5.8802061,-71.8942416,"Cra. 9 #8-07, Paz de Ariporo, Casanare",311 8984194,,https://lh3.googleusercontent.com/gps-cs-s/AHRPTWkKcwrykVQOqr4ffbLC5r4VMwuQC-YpdsqTL8g92eRg_4eQy6lWtwMU2mOnLI--HCjRH1pcZmqfkZImMZ8RXcFJ2jzNKBQS2Hf-rUKr1OXSCN4Ah4MGioxOxnXsD9abv052Bpas=w408-h306-k-no,", Entrega a domicilio, "
Papeleria Helian,Papelería,Pore,5.7292081,-71.9982085,"Cl 4 #19-22, Pore, Casanare",,,https://streetviewpixels-pa.googleapis.com/v1/thumbnail?panoid=Md0k2a_oe8sZywt_ikenlA&cb_client=search.gws-prod.gps&w=408&h=240&yaw=62.73764&pitch=0&thumbfov=100,
Papeleria & Libreria Kayros,Comercio,Pore,5.7290246,-71.9984901,"Cl 4 #1925, Pore, Casanare",311 5397748,,https://lh3.googleusercontent.com/gps-cs-s/AHRPTWmZEG5htm6oUdDvHxTeoAa2OocSzhSKY42reKeG5AzjGw0LtYr7POOBlOpaxa_IMZ7Vy19GYHrvZ5Qmid4CUjHRKV0EnFq6v6DtJcaj8_YtpbBIq4yrSU2B6OqeTD1fs0p8IUt0=w408-h544-k-no,", Entrega a domicilio, "
Restaurante La Tinaja del Sabor,Restaurante,Nunchía,5.6374741,-72.1948114,"Clalle 7 #5-03, Nunchía, Casanare",311 2695313,,https://lh3.googleusercontent.com/gps-cs-s/AHRPTWl2AIwgL3QjNOLDFcFAOJ1WrNuMwseJPD9l_EzwwCPpdE-NEQnfM2Bgjs9OAGkoiSTv2-hqiDR_SQXKWp5kx9TPm980J2JM5KAOo56CvaRwp0cnl21eSwy131XnQmIX9Rvw2Qs=w408-h305-k-no,", Consumo en el lugar, Pedidos desde el automóvil, Entrega sin contacto"
Asadero y Restaurante Martha,Restaurante,Nunchía,5.6375632,-72.1944682,"Carrera 5 #7-10, Nunchía, Casanare",315 7866509,,https://lh3.googleusercontent.com/gps-cs-s/AHRPTWn-DWH_lXIuua3sibUPoUrFrXO1CmjdQDeoQQenbONjCgUY0qhpTnPw5j3cujnRnPzBdbUo466FJpXPOganQWZNghEXerCJoMIcMI3oG7hj7jeVHx57n6H9jJeC5_9YfG2EKKK1=w408-h306-k-no,", Consumo en el lugar, Pedidos desde el automóvil, "
Estadero Los Caballos,Restaurante,Nunchía,5.6328494,-72.1975826,"Nuchia ##232, Nunchía, Casanare",,,https://lh3.googleusercontent.com/gps-cs-s/AHRPTWmwmMgf3uoSJRcocCZLElcm4JWIcPsxwpb7wf5k8mMjSUUUyb5K_kCbWCMkzERIR-Ny-Vae1niQfLack8yE9t-4MQEj8OsWDhyj8UO4kWQkmyZx58Y870QAGueoWK6feoPuigQ=w532-h240-k-no,", Consumo en el lugar, Para llevar, "
Restaurante Kaney,Restaurante,Nunchía,5.6364315,-72.1958695,"Cra. 5ª #556, Nunchía, Casanare",,,https://streetviewpixels-pa.googleapis.com/v1/thumbnail?panoid=Ib4xyBen3KecUNjGUYJaaA&cb_client=search.gws-prod.gps&w=408&h=240&yaw=115.268814&pitch=0&thumbfov=100,", Consumo en el lugar, Para llevar, "
Asadero El Cachilapo,Restaurante,Nunchía,5.6336551,-72.198166,"Calle 1a #5-123, Nunchía, Casanare",310 5840444,,https://lh3.googleusercontent.com/gps-cs-s/AHRPTWleGl_vE6rAP3OgAPDs8-GlRNbbGpbHa4GzCxbWds4ekksQoBliRmw2V1xdWd8XznWvyAKklmbgsyRZ6hKA3p2NtA0dy79sf8OF6nGmfbSe1W8MrbV3rNYkk_4V6qyU-BoL7sdduw=w408-h541-k-no,", Consumo en el lugar, Pedidos desde el automóvil, Entrega sin contacto"
El Oasis,supermercados,Nunchía,5.6367005,-72.1940421,"Nunchía, Casanare",,,https://lh3.googleusercontent.com/gps-cs-s/AHRPTWm5DZFA4LqdEthsAbhoy1_TVxoWS8NTu3pg9vP1LyT_nqbeQ0gm4MLRctr6uzcG9DRG1LwODKgTabZxI5QzgyFHWF-ooYEZVjwpdY9Pdn8mifxevNyPKRSFaQ0rSGqIac0voPK5=w426-h240-k-no,
Almacén Dayanita Aguilar,Tienda de ropa,Nunchía,5.7275115,-71.9960727,"Cl 4, Pore, Casanare",,,https://streetviewpixels-pa.googleapis.com/v1/thumbnail?panoid=fc9R2v3LM8r9e9bBkVF2-g&cb_client=search.gws-prod.gps&w=408&h=240&yaw=212.6734&pitch=0&thumbfov=100,", Entrega a domicilio, "
Colory Moda Boutique,Tienda de ropa,Nunchía,5.7286364,-71.9974066,"Cl 4 #1822, Pore, Casanare",,,https://streetviewpixels-pa.googleapis.com/v1/thumbnail?panoid=iHfJQ9RkS5bbIh6QdPozjw&cb_client=search.gws-prod.gps&w=408&h=240&yaw=351.16968&pitch=0&thumbfov=100,", Entrega a domicilio, "
Maylu,Tienda de ropa,Nunchía,5.7298026,-71.9989764,"Cl 4 #20-22, Centro, Pore, Casanare",310 2111287,facebook.com,https://lh3.googleusercontent.com/gps-cs-s/AHRPTWnd_FffGpGtTBAaTgfga1ltSVMEr92VCW_CZASin0kP-UAcT2OSYf5Sk1jBhMb8d01J4jlPHkD4sA5wKs7h91kJhTFIt3nBLT-ufd_cZ_RTJyQ8cRNCmbUjvdGknbK_QbP18TaJDA=w408-h544-k-no,", Entrega a domicilio, "
Comerciantes Nunchia,Comercio,Nunchía,5.6376749,-72.1943963,"Cr 5 #7-44, Centro, Nunchía, Casanare",,,https://streetviewpixels-pa.googleapis.com/v1/thumbnail?panoid=16_6DOeR_9f1xEfGX1zgXg&cb_client=search.gws-prod.gps&w=408&h=240&yaw=107.9915&pitch=0&thumbfov=100,
Variedades viyavy,Tienda de ropa,Nunchía,5.7287566,-71.9975154,"Cl 4 #18-44, Centro, Pore, Casanare",313 8296839,facebook.com,https://lh3.googleusercontent.com/gps-cs-s/AHRPTWnwLf1Z149I6hDt0WzYQj2o27qdxjJfTap5cXtbCRVK2NNgWyVAGq_Rc5uweMVBbyK2oxZ7pmjMirhK4YK7NOVJWNDK9LFcdwf8dTxEC4pJ2-HvDsuQMUWOK763WSgzbe2c4tUYsg=w408-h306-k-no,", Entrega a domicilio, "
Restaurante Maniceña,Restaurante,Maní,4.8153038,-72.281281,"Cra. 5 #15 esquina, Maní, Casanare",313 2670137,,https://lh3.googleusercontent.com/gps-cs-s/AHRPTWltytIoMBRLNsqvkkMKx_IthZ2EWBur2LeOAMe7TPg2_7rhHRoEXfBsy6NMyEW6ORe93bIADuPNIExBNPzAY01tLGzWsH_ai0a0moZ6NErDNp8UmIMD4YIfPzU8WiQyPBbFH0Ot=w408-h242-k-no,", Consumo en el lugar, Para llevar, "
"Restaurante, café, Hotel Anamela",restaurantes,Maní,4.822038,-72.287998,"Calle 23 #4-47, Maní, Casanare",322 2187648,anamelahotel.com,https://lh3.googleusercontent.com/gps-cs-s/AHRPTWnOdFoqKg-mIq7z0sbDQmQkGJX5-puOIFnzRBlQTdyEO-G_OLoL8nDRU9EiWqOFToKFXaEg_Rm8n1HnoruYXv4iGgkPBs64TcMjectmTGAc_bJwOTkij47PbIU0b6L0P28x1n0=w408-h272-k-no,
Rainbow Maní,Restaurante,Maní,4.8082273,-72.2609965,"Vereda, Las Islas, Maní, Casanare",322 8837628,,https://lh3.googleusercontent.com/gps-cs-s/AHRPTWkqUl3a35ynpY0nOFkLVf4MjF-NroQEyzR9bavnPcLYM_Kw_8RvQjnIJhX14M4I8p2HwT0tzuTVgGEPFC1v_PBkJ5aE9Y7O8L2aRLQ1Zrx4IWxH3LbFnpcEQdnimlfk80odTSRzTg=w408-h905-k-no,", Consumo en el lugar, Retiros en la puerta, Entrega a domicilio"
Toro sentado,Restaurante,Maní,4.8108572,-72.2820178,"Parque infantil, Cra. 2 #12-10, Maní, Casanare",311 5927530,,https://lh3.googleusercontent.com/gps-cs-s/AHRPTWnQrIykbRJ5GvgzaBR2Itu3IwRVD6eiurFf2ugs4z_NrqlIDAeNhPl6jx7eLsyigPWikPRf9V6EtDqy09PdN7EP_uCkMFRalfnyuiNZsvOuJS6uPkkphZdtFw8p97lYFw0P-whoqQ=w408-h408-k-no,", Consumo en el lugar, Retiros en la puerta, Entrega sin contacto"
My Broster Y Sus Alitas Picantes,Restaurante,Maní,4.8129344,-72.2842989,"Cra. 2 #15-03, Maní, Casanare",318 2342484,facebook.com,https://lh3.googleusercontent.com/gps-cs-s/AHRPTWmmKzfPesBVnoAyEk8dmkl-Vrr9dVvMsno7xgbsdOkkWnrxG171gik17C9RJaHoVrRGrtkfT9f-KcKsvZzXtU9gDKcQrwCchRySk6DygMOtAgdRLC7z5JhYWrheIj4BFMjAWsdL=w408-h276-k-no,", Consumo en el lugar, Retiros en la puerta, "
Ferreteria Primavera,Ferretería,Maní,4.8133059,-72.2835126,"Cl. 15 #21 a 2-171, Maní, Casanare",,,https://streetviewpixels-pa.googleapis.com/v1/thumbnail?panoid=LWbF2p04F3mtO210QnU9XA&cb_client=search.gws-prod.gps&w=408&h=240&yaw=333.20157&pitch=0&thumbfov=100,", Entrega a domicilio, "
Tornillos Yracoresdellla,Ferretería,Maní,4.8157042,-72.2848343,"Cl. 3 #17-58, Maní, Casanare",,,https://streetviewpixels-pa.googleapis.com/v1/thumbnail?panoid=9ytjHzwAkDflcUDIcaHqyA&cb_client=search.gws-prod.gps&w=408&h=240&yaw=40.86159&pitch=0&thumbfov=100,", Entrega a domicilio, "
Ferrelectricos El Competidor,Ferretería,Maní,4.8131674,-72.2840161,"Cra. 2 #15 20, Maní, Casanare",315 7711341,,https://streetviewpixels-pa.googleapis.com/v1/thumbnail?panoid=1yu8ar3dQelHgOd5TkjtPQ&cb_client=search.gws-prod.gps&w=408&h=240&yaw=20.061895&pitch=0&thumbfov=100,", Entrega a domicilio, "
Deco Arte Ceramicas y Suministros,Ferretería,Maní,4.8151834,-72.2823444,"Cra. 4 #1584, Maní, Casanare",310 8591350,,https://streetviewpixels-pa.googleapis.com/v1/thumbnail?panoid=sa4oWig1Lg8Mrsi1mCOT6A&cb_client=search.gws-prod.gps&w=408&h=240&yaw=40.51253&pitch=0&thumbfov=100,", Entrega a domicilio, "
Drogueria El Laguito,Farmacia,Maní,4.8164458,-72.2772515,"Cl. 13 #7-56, Maní, Casanare",,,https://streetviewpixels-pa.googleapis.com/v1/thumbnail?panoid=dsI8dAFnml3WStdFL2SuEg&cb_client=search.gws-prod.gps&w=408&h=240&yaw=142.51012&pitch=0&thumbfov=100,", Entrega a domicilio, "
Drogueria Sebastian,Farmacia,Maní,4.8115658,-72.282675,"a 13-151, Cra. 2 #1319, Maní, Casanare",,,https://streetviewpixels-pa.googleapis.com/v1/thumbnail?panoid=keuXE-DevJRX8lTNN078_Q&cb_client=search.gws-prod.gps&w=408&h=240&yaw=290.14325&pitch=0&thumbfov=100,", Entrega a domicilio, "
Droguería Mani,Farmacia,Maní,4.813015,-72.283854,"Cra. 2 #15-02, Maní, Casanare",86381066,,https://streetviewpixels-pa.googleapis.com/v1/thumbnail?panoid=hHgZ_J0Pv2QffAhDFEftjw&cb_client=search.gws-prod.gps&w=408&h=240&yaw=23.355951&pitch=0&thumbfov=100,", Entrega a domicilio, "
Drogueria La Esperanza,Farmacia,Maní,4.8151227,-72.2847477,"Cl. 17 #22 a 2-130, Maní, Casanare",,,https://streetviewpixels-pa.googleapis.com/v1/thumbnail?panoid=p_hitiP4x0-g_wRflSOg7w&cb_client=search.gws-prod.gps&w=408&h=240&yaw=177.13542&pitch=0&thumbfov=100,", Entrega a domicilio, "
Drogueria Farmaunidas,Farmacia,Maní,4.8117488,-72.2747216,"Cra. 6, Maní, Casanare",,,https://streetviewpixels-pa.googleapis.com/v1/thumbnail?panoid=uh-8MqQW6sAzCG5Btc62JA&cb_client=search.gws-prod.gps&w=408&h=240&yaw=220.59326&pitch=0&thumbfov=100,", Entrega a domicilio, "
Supermercado La 17,Supermercado,Maní,4.8153282,-72.284526,"a 16-180,, Cl. 3 #162, Maní, Casanare",,,https://streetviewpixels-pa.googleapis.com/v1/thumbnail?panoid=DkeQ5ZSPPnrONvgpLkvpTQ&cb_client=search.gws-prod.gps&w=408&h=240&yaw=64.78715&pitch=0&thumbfov=100,", Entrega a domicilio, "
Supermercado Don Santos,Supermercado,Maní,4.8127877,-72.2798549,"Maní, Casanare",,,https://streetviewpixels-pa.googleapis.com/v1/thumbnail?panoid=S5Tiz8WVxeaLH6pHU3uKHQ&cb_client=search.gws-prod.gps&w=408&h=240&yaw=58.15447&pitch=0&thumbfov=100,", Entrega a domicilio, "
SuperMercado MercaMax,Supermercado,Maní,4.816605,-72.283901,"Maní, Casanare",,,https://streetviewpixels-pa.googleapis.com/v1/thumbnail?panoid=7HxtQ05Xg6Ug5IE9NiOQ9A&cb_client=search.gws-prod.gps&w=408&h=240&yaw=58.587063&pitch=0&thumbfov=100,", Entrega a domicilio, "
SUPERMERCADO FORDEX,Supermercado,Maní,4.8156934,-72.2815782,"Cra. 5 #15-49, Maní, Casanare",,,https://streetviewpixels-pa.googleapis.com/v1/thumbnail?panoid=0k27o8xRJv-2CPWS79DVxQ&cb_client=search.gws-prod.gps&w=408&h=240&yaw=219.87791&pitch=0&thumbfov=100,", Entrega a domicilio, "
SUPERMERCADO LILI,Supermercado,Maní,4.5900465,-71.9631221,"Vereda, Santa Elena de Cusiva, Maní, Casanare",311 5183375,,https://lh3.googleusercontent.com/gps-cs-s/AHRPTWnRfVeNHntXLWygiPEMc3FliUkS2SK1BUDF9i47aV8MC4cTYeBS5IAIrnSDvGs_Ya9kVxq9rfjPzMoTQQzzZXUuRbNWHqhgl8la3BapwHK4BjRSYq7qqnZz9O3isQvvoGBXNuUj=w408-h306-k-no,", Entrega a domicilio, "
Talleres Omega,Taller de reparación de automóviles,Maní,4.8185018,-72.2856989,"Cra. 4 #20—16, Maní, Casanare",310 2887721,,https://lh3.googleusercontent.com/gps-cs-s/AHRPTWmnK3nFdW3SY5dabdzcUlHW3IzA9J4IXp27y6J52S0jucGcegs3xumY7m7PisG1zwY2raOdAw9jo72rv8kRp2usyaeGbb0BYyVlX0L0KDOLRszAPE1tFVU4fbDePGM1Ih65cWV9=w408-h292-k-no,
Estacion Brio Maní,Gasolinera,Maní,4.8217033,-72.2882409,"a 23-124 Calle 3, #232, Maní, Casanare",,,https://lh3.googleusercontent.com/gps-cs-s/AHRPTWm5DUsZpZOJU2060l-W3jRUaMLUV7XmuOd9-cQhCvBlwTbDOa6eiy-OzXAF3lf1uPIBwvmLH8KSQfbV-HcwW63EPPDG1Gsye9AM4CDRGcjaiVjlLS6Rw1OnE7HKU1MTx5CVaqqR=w426-h240-k-no,", Combustible diésel, "
TALLER Y ALMACEN PHOENIXMOTORS,Taller mecánico,Maní,4.3197903,-72.0832889,"Cl. 19 #4-111, Puerto Gaitán, Meta",312 5045425,,https://streetviewpixels-pa.googleapis.com/v1/thumbnail?panoid=n7oZ8SA6cJ_jtsv7_98D-Q&cb_client=search.gws-prod.gps&w=408&h=240&yaw=82.113434&pitch=0&thumbfov=100,
Taller Premium,Taller mecánico,Maní,5.3353257,-72.3940383,"Cra. 20 #24-44, Yopal, Casanare",320 4304562,tallerpremium.net,https://lh3.googleusercontent.com/gps-cs-s/AHRPTWlFXq369ZkEDBBRPedjPPYNJAR-z5axobNkSUrDmrPMjKhL4dnNrYtU4hm6gli7D04QoLa6M1_3TEQGT1lC4tIAA_P7tFmN55_aXLRy73DiR3zKoeyXxxyztihwlV7FlwEKVGP-t4sGH74=w647-h240-k-no,
Ribera Automotriz,Taller de reparación de automóviles,Maní,5.3375636,-72.3949714,"carrera 20#21-70, Yopal, Casanare",310 8839205,,https://streetviewpixels-pa.googleapis.com/v1/thumbnail?panoid=PwcLlKJ9gaxYr7M08uvsaQ&cb_client=search.gws-prod.gps&w=408&h=240&yaw=331.714&pitch=0&thumbfov=100,
SurtiEcuador,Tienda de ropa,Maní,4.8134312,-72.2842854,"Centro, 4,8133974, -72,2842589, Maní, Casanare",316 2562122,,https://lh3.googleusercontent.com/gps-cs-s/AHRPTWk6T_Oz6rb0oAcw5ZnQxlJzth3o9plbEC51rfPFTcWwr31lcCJcaZ1kI3_4_sLMmN7px-OUQ0HB8fiMy2P4rE33cSlaXkiDHLht1Xhz8vBY7645jJ3mqfbg6Hl--jqYg45UCz1Sb9bssxb4=w408-h519-k-no,
Almacén Para Todos,Tienda de ropa,Maní,4.8145541,-72.2835933,"Cl. 3 #16-20, Maní, Casanare",314 2970074,,https://streetviewpixels-pa.googleapis.com/v1/thumbnail?panoid=t0SNkFnL_eaGdVr6jBOBFg&cb_client=search.gws-prod.gps&w=408&h=240&yaw=45.13351&pitch=0&thumbfov=100,", Entrega a domicilio, "
Martín Store Totto,Tienda de ropa,Maní,4.8142971,-72.2852892,"Cra. 2 #16-79, Maní, Casanare",,,https://streetviewpixels-pa.googleapis.com/v1/thumbnail?panoid=YCgjqw7psuZB1Lpts9bacg&cb_client=search.gws-prod.gps&w=408&h=240&yaw=239.94476&pitch=0&thumbfov=100,
GORDITAS BOUTIQUE PLUS SIZE,Tienda de ropa de tallas grandes,Maní,4.8132161,-72.2835947,"Cl. 15 #2-63, Maní, Casanare",311 5896039,facebook.com,https://streetviewpixels-pa.googleapis.com/v1/thumbnail?panoid=WJrt8jkhD4i3xeiEpjizhQ&cb_client=search.gws-prod.gps&w=408&h=240&yaw=314.7573&pitch=0&thumbfov=100,", Entrega a domicilio, "
Safari,Tienda de ropa,Maní,4.813082,-72.2839056,"Cra. 2, Maní, Casanare",,,https://streetviewpixels-pa.googleapis.com/v1/thumbnail?panoid=rMJP7D40Z8bVl2NYbWjTqg&cb_client=search.gws-prod.gps&w=408&h=240&yaw=41.83268&pitch=0&thumbfov=100,", Entrega a domicilio, "
Papeleria RO&LA,Papelería,Maní,4.5909584,-71.9629745,"Santa Elena de Cusiva, Maní, Casanare",,,https://lh3.googleusercontent.com/gps-cs-s/AHRPTWmXeWn4SfZOvZ_HK3yZ3LoUT2Jcv2OD-26jMz6TO-G2gKQzb-FmQnOgljc95fwutHk4STCLRuD98MNFD_b0jZoXHOBMeKoKCZXMMlCwAR7dZm8sEX7fvfRe4-4YJTGVoXn-hBTR=w408-h545-k-no,", Entrega a domicilio, "
Asadero Doña Toña,Restaurante,Sabanalarga,4.8536201,-73.0388515,"Cl. 4 #4 33, Sabanalarga, Casanare",313 4061674,,https://lh3.googleusercontent.com/gps-cs-s/AHRPTWlPDYaI-R_Pvzl_w_5mOpva7o5uafEu2_WHVtyS6tCcq_g80bu9InjqsCaooXJDvpRDBJ6lsPK0NCbsqt24Yn40ziVSJSTWxwgT7SvQDoqbn7YrceUuE8d0jEPk0xN6ptjKH_ZQBQ=w408-h544-k-no,", Consumo en el lugar, Para llevar, "
LA PATRONA 23,Restaurante,Sabanalarga,10.6371379,-74.9298341,"CIl 29 #22-06, Sabanalarga, Atlántico",,instagram.com,https://lh3.googleusercontent.com/gps-cs-s/AHRPTWla1oS6KlZidcKCQ8nK0KNmU16O63RCo8SaFhF8J_0d86F2A7JRRe4zLn-EbgW2k2L4I04iin7NEadDrYmsGF8fTNXR1WJi4PzlmASwBEbZYcOnxuB9U60UtxwUMfCA1NENaUlemA=w412-h240-k-no,", Consumo en el lugar, Para llevar, Entrega a domicilio"
Parrillada MIX,Restaurante,Sabanalarga,10.631828,-74.9202667,"Calle 21 18-4 Centro Comercial Islazul Locales 10-11, Sabanalarga, Atlántico",304 5549844,,https://lh3.googleusercontent.com/gps-cs-s/AHRPTWmlcOCHG3BatkEMe04RRUe4GvsdL00XcKeIIDsTgt5mX3RgeTnI_LWQfSA3rG3Ocx3d_BC5re33cwCGQENz34AhIIR6yw6HmyfoqsykCxFqSFR_06-bBGOwKz6PqQS2SZRO3m1u1w=w408-h306-k-no,", Consumo en el lugar, Para llevar, Entrega a domicilio"
Amapola Salón de Onces,Restaurante de comida rápida,Sabanalarga,4.855183,-73.0405848,"Cra. 7 #52, Sabanalarga, Casanare",311 2624589,,https://lh3.googleusercontent.com/gps-cs-s/AHRPTWmqE_b9-8Lh5tettBzmZbq58fMhGi7SkeXqO_wjHoXuSNWDvTblzcYAhzutIToPzAhiaBZx-ivyoog08mDfD2BcRed0PeOKYoJf4AJs1Ah9jZZr_3vLDpZTbsov8e_bC6OgR-ug=w408-h306-k-no,", Consumo en el lugar, Pedidos desde el automóvil, Entrega sin contacto"
"El Secreto, Restaurante Parador",Restaurante de brunch,Sabanalarga,4.8196289,-73.0727056,"El Secreto, Sabanalarga, Casanare",,,https://lh3.googleusercontent.com/gps-cs-s/AHRPTWlXUQceL9zOxS_Ei9soknfThTbyICEp_ExPX-lPvhY-zdD5fAGeXlOmEqUseqQhT3XgP2u_QLf0lunEwNhwme47RCx7EZ2nqohUCLs1BRbMLsl3Y9kUb3fb9cpEbXFWXkbQIifguQ=w408-h725-k-no,", Consumo en el lugar, Para llevar, "
"Supermercado ""Doña Tere""",Tienda de alimentación,Sabanalarga,4.8559042,-73.0398404,"# a 5-104, Cra. 6 #52, Sabanalarga, Casanare",313 3773332,,https://lh3.googleusercontent.com/gps-cs-s/AHRPTWlms2haP-3zRUpWahVg5Sp2iZmFbz8Y7aCe_LNmU1UvaNNXtwhctHVFuWNdS8WnAZj7u3zFT7mpI2La8RB6okds7uG4TIzvpkTPVHfYbCqjKuklimy2p6Ls7RIwwA4jak8B8gZrMg=w408-h240-k-no,", Entrega a domicilio, "
Tienda las palmas,Supermercado,Sabanalarga,4.8555033,-73.0400373,"Cl. 6 #6-61 a 6-1, Sabanalarga, Casanare",,,https://streetviewpixels-pa.googleapis.com/v1/thumbnail?panoid=gRDkXwUugqtAZ5Ig4SPXOQ&cb_client=search.gws-prod.gps&w=408&h=240&yaw=15.177064&pitch=0&thumbfov=100,", Entrega a domicilio, "
Multimarket,Tienda de alimentación,Sabanalarga,4.8519351,-73.0410213,"Cl. 2a #6-2 a 6-120, Sabanalarga, Casanare",321 3476017,,https://streetviewpixels-pa.googleapis.com/v1/thumbnail?panoid=ZDgvcUtRQxK-sSO8XI91DA&cb_client=search.gws-prod.gps&w=408&h=240&yaw=208.59575&pitch=0&thumbfov=100,
Mini fruver la cosecha m y m,Supermercado,Sabanalarga,4.8556482,-73.0403355,"Cra. 7 #6-08, Sabanalarga, Casanare",314 4307604,,https://streetviewpixels-pa.googleapis.com/v1/thumbnail?panoid=jQ6vKdJzXlTCDKt2nCEy0g&cb_client=search.gws-prod.gps&w=408&h=240&yaw=120.23154&pitch=0&thumbfov=100,", Entrega a domicilio, "
Mirador el paraíso támara,Atracción turística,Támara,5.8504147,-72.1677939,"Vereda alto grande, Támara, La Picacha, Tamará, Casanare",313 2597747,instagram.com,https://lh3.googleusercontent.com/gps-cs-s/AHRPTWk0fFUT9pC-OAqCuaAA5cEJNFXZMkgnAmH9LfV7r-87qmCX8ddvT91vV8dGvoXxlviC-u17sUAJ3qN7tLEOOJgRqTfMt5oFVNpmdARpAIRGesOF_vjbJp-p1uN-FK4GYSxlpagk=w408-h306-k-no,
Asadero y Restaurante paloquemao,Restaurante,Támara,5.8306714,-72.1615039,"Cl. 6 #1b51, Támara, Casanare",,,https://streetviewpixels-pa.googleapis.com/v1/thumbnail?panoid=HO64ngdGRfagSr0fKjyURw&cb_client=search.gws-prod.gps&w=408&h=240&yaw=347.40424&pitch=0&thumbfov=100,", Consumo en el lugar, Para llevar, "
Restaurante Costallano,Restaurante,Támara,5.8295261,-72.163177,"Cl. 5 #905, Támara, Tamará, Casanare",,,https://streetviewpixels-pa.googleapis.com/v1/thumbnail?panoid=SnwcQ-hEqqsrM-sep72rTg&cb_client=search.gws-prod.gps&w=408&h=240&yaw=142.91258&pitch=0&thumbfov=100,
DJOTA CENTRO FERRETERO,Tienda de herramientas,Támara,5.7257577,-71.9934638,"Cl 4 #12 77, Pore, Casanare",320 8556140,wa.me,https://streetviewpixels-pa.googleapis.com/v1/thumbnail?panoid=mWAp8a4sC1pNal3PfUIJZQ&cb_client=search.gws-prod.gps&w=408&h=240&yaw=235.7876&pitch=0&thumbfov=100,", Compras en tienda, Retiro en tienda, Entrega a domicilio"
Tornilleria Fr,Ferretería,Támara,5.7316308,-71.9962454,"Pore, Casanare",321 7470351,,https://streetviewpixels-pa.googleapis.com/v1/thumbnail?panoid=nNEQsgPo6J6wlw-n5s5iuQ&cb_client=search.gws-prod.gps&w=408&h=240&yaw=45.886894&pitch=0&thumbfov=100,", Entrega a domicilio, "
Construvarios SAS,Ferretería,Támara,5.333185,-72.401218,"Cl. 24 #12-26, Yopal, Casanare",314 2993942,construvarios.com,https://lh3.googleusercontent.com/gps-cs-s/AHRPTWkgEb5fLpaJh-DnRb5UVIBhVJR_WEimafjvhaeUgUh4AgjkI32a6kx91eBxBqYrbaZdIyx-QNYGMVlqXP9JpBy7yAjSaUiN5gRO77pIWB1U8jriAc4EXiHjUyAjk7xcFchRAmXE=w569-h240-k-no,", Entrega a domicilio, "
Ferreteria Nunchía,Ferretería,Támara,5.6352871,-72.1966241,"Nunchía, Casanare",,,https://streetviewpixels-pa.googleapis.com/v1/thumbnail?panoid=qDQzbC-tpGzLnKkT5NjW0Q&cb_client=search.gws-prod.gps&w=408&h=240&yaw=355.0523&pitch=0&thumbfov=100,", Entrega a domicilio, , Unidad Administrativa Especial De Servicios Públicos De Nunchia"
Agromangueras y soluciones CM Ferreteria Yopal,Tienda de herramientas,Támara,5.3384575,-72.3955743,"Cra. 20 #20A-06, Yopal, Casanare",314 2591806,principalwebsite.com,https://lh3.googleusercontent.com/gps-cs-s/AHRPTWkqqY1HfzF0wfoFXqa-vZSP8zsR-7l1UpGGt6wlLYoj-ZE3lq3Anx3Go7o6_5utQthm46gvL-m-v44QP07ZJmPC_hlMYXK9Fcu6r_TpcKv8myEc67dchvTxi2LGL-s1ZIp84Dv4=w408-h306-k-no,", Compras en tienda, Retiro en tienda, Entrega a domicilio"
Viveres Licores Surtimax La 19,Tienda de alimentación,Támara,5.8288504,-72.1628582,"Cra. 4 #330, Támara, Tamará, Casanare",,,https://streetviewpixels-pa.googleapis.com/v1/thumbnail?panoid=ALvfWzyRpIGNBo2QGyoc1Q&cb_client=search.gws-prod.gps&w=408&h=240&yaw=70.569855&pitch=0&thumbfov=100,", Entrega a domicilio, "
Mecánica Automotriz TECNICHILTON,Taller mecánico,Támara,5.3398794,-72.3983814,"Cra. 18 #17 - 68, Yopal, Casanare",311 5550524,,https://lh3.googleusercontent.com/gps-cs-s/AHRPTWluoETk51EyjRsDNwH-DGVU-_1ecANytnAWV8ekAzAYR620pZXYLiy5ynI8yu_B4Dbm63JQDABdLys8xUFhk8a6Ko6AxHPfjKwW7CoDBoWoxDeyYqq_BQlGzc5MBbIOepFN0foGog=w408-h306-k-no,
Montallantas automático,Taller de reparación de automóviles,Támara,5.3275797,-72.4000048,"Cl. 30A #12-27, Yopal, Casanare",,,https://streetviewpixels-pa.googleapis.com/v1/thumbnail?panoid=CB3fbWNm2jYeawaiW2Awkw&cb_client=search.gws-prod.gps&w=408&h=240&yaw=337.74414&pitch=0&thumbfov=100,
Rectimotores Casanare,Taller de reparación de motores diésel,Támara,5.3395107,-72.4003138,"850001, Yopal, Casanare",313 4202060,,https://lh3.googleusercontent.com/gps-cs-s/AHRPTWmq17oDOhFL4VBSI6YNB4gQazjHJmOGZyXldTssZhxkBnOPypg_loST7aoABzBkgodfta_BQPz1WAFK-CegusgBbXOq1Sz6Q_rkTUmbjHQvbJS_RReC9UkPqHI5rBQVE0Rg2IvoXw=w408-h544-k-no,
Direcciones hidraulicas del oriente,Taller de automóviles,Támara,5.3352283,-72.4028656,"Tranversal 11 #numero 20- 22, Yopal, Casanare",321 4719370,,https://lh3.googleusercontent.com/gps-cs-s/AHRPTWmmnIW9Pj3Rg1qaBOt9r7d0pplVyg7z6t2j95mAYKA_CcIye05nc73lUlvxmhTsBjvZhk1ZsZDP6uPmmVD0zcFmZRPEAsM2PY2ax0TEEnVIUz2Icb2rbhuBqURFq8akqBZ2jc9cHQ0BstK-=w408-h306-k-no,
TALLER AUTOMOTORS,Taller de reparación de automóviles,Támara,5.3268875,-72.3977873,"Cra. 14 #31-16, Yopal, Casanare",310 4814484,facebook.com,https://lh3.googleusercontent.com/gps-cs-s/AHRPTWnNQ23vIktjPEDHP5ljdD_DUO_AvQUzGgBbOBdOBWMBKU8PP_wm52vpxUimn98wlGI2cqksorUJLYLiv64AtJ_AxH6wereuYzJmfvioUnV0pyq3WAtkWA-9iNxvvJl_OzSUjBo=w408-h249-k-no,
Serviveres Tania,Mercado,Támara,5.83034,-72.163056,"Támara, Tamará, Casanare",,,https://streetviewpixels-pa.googleapis.com/v1/thumbnail?panoid=ewwHhGjUG-NTjOUllD-aJA&cb_client=search.gws-prod.gps&w=408&h=240&yaw=65.13487&pitch=0&thumbfov=100,
VÍVERES LA MANZANA,Tienda de artículos para el hogar,Támara,5.830515,-72.1632313,"Cra. 4 #6-2 a 6-64, Támara, Casanare",,,https://streetviewpixels-pa.googleapis.com/v1/thumbnail?panoid=i1zloholndnyCbhX5ebxGQ&cb_client=search.gws-prod.gps&w=408&h=240&yaw=109.67922&pitch=0&thumbfov=100,", Entrega a domicilio, "
Panaderia Artesanal Támara,Panadería,Támara,5.827801,-72.164752,"Cra. 7 #3-36, Támara, Tamará, Casanare",,,https://lh3.googleusercontent.com/gps-cs-s/AHRPTWnZC7PA1c3bD_HINp-AKZKhKZPPSiNCrlCD-pIYdJx6_VDX4ivRk3eUWOO9TyXOcMhnnZcIUprYHCULNhvdG1cSXvyBwI04E6oAaug4PECkW84SIdVEF7GKVmsENBNm39e038E=w408-h368-k-no,", Para llevar, Entrega a domicilio, "
Productos alimenticios la tata,Pastelería,Támara,5.8270758,-72.1662663,"kilometro 1 via tamara - yopal, Támara, Casanare",313 7675872,,,", Para llevar, "
Doña leandra,Tienda general,Támara,5.8302825,-72.1630414,"Támara, Tamará, Casanare",,,https://streetviewpixels-pa.googleapis.com/v1/thumbnail?panoid=ewwHhGjUG-NTjOUllD-aJA&cb_client=search.gws-prod.gps&w=408&h=240&yaw=82.58215&pitch=0&thumbfov=100,", Entrega a domicilio, "
Restaurante Camioneros,Restaurante,Hato Corozal,6.1536571,-71.7730542,"Cra. 18 #3-22, Hato Corozal, Casanare",,,https://streetviewpixels-pa.googleapis.com/v1/thumbnail?panoid=ipwH9I1wIlR__l44xAwMOg&cb_client=search.gws-prod.gps&w=408&h=240&yaw=36.68568&pitch=0&thumbfov=100,", Consumo en el lugar, Para llevar, "
LA GRAN PARRILLA,Restaurante,Hato Corozal,6.1605794,-71.761998,"Cl. 14 #8-40, Hato Corozal, Casanare",311 8123221,,https://lh3.googleusercontent.com/gps-cs-s/AHRPTWmA4bU-F3E9nAKx5xqmTZOiHdeyTc2gDWKwGPkStDKI6fwa66pcEhSUXbQodXc9VqOlg9C_juG9RV3bgBwOFSNscsS2gz72RdH6t_jm9vDowx3dNdzShrpnDZar2guW_veiD3Q2=w408-h544-k-no,", Consumo en el lugar, Para llevar, "
Restaurante el Saman,Restaurante de brunch,Hato Corozal,6.1506533,-71.7708626,"Hato Corozal, Casanare",320 8302943,,https://lh3.googleusercontent.com/gps-cs-s/AHRPTWmprNZYBUwPM7yULKyINUKhmpihS9A4CR9_kHs8FJEN7ZsCB1W8xLg-fLjZ_CBr3LRcM4M2QjtutbdpVIbn4NIfJCx-zo1GcoOEGi2ydBIXc79obvrjIqTkB0YfnhZVMDyY8FtHDw=w408-h544-k-no,", Consumo en el lugar, Para llevar, "
PorSuPollo Hato Corozal,Restaurante,Hato Corozal,6.1508043,-71.7695334,"Cra. 11 #13-46 a 13-180, Hato Corozal, Casanare",,,https://streetviewpixels-pa.googleapis.com/v1/thumbnail?panoid=OdUY-U5XGhtzPl3-YRC5sA&cb_client=search.gws-prod.gps&w=408&h=240&yaw=313.50586&pitch=0&thumbfov=100,", Consumo en el lugar, "
BRANGUS (Restaurante y Comidas rapidas),Restaurante de comida rápida,Hato Corozal,6.1561945,-71.76597,"Cl. 8 #11-36, Hato Corozal, Casanare",,,https://streetviewpixels-pa.googleapis.com/v1/thumbnail?panoid=VxszdTCNOnQpU4itgGkqgw&cb_client=search.gws-prod.gps&w=408&h=240&yaw=26.55948&pitch=0&thumbfov=100,", Consumo en el lugar, "
CASA,Ferretería,Hato Corozal,6.154113,-71.7652558,"Cra. 9 #8-38 a 8-40, Hato Corozal, Casanare",,,,", Entrega a domicilio, "
Droguería El Rebajón Htz,Farmacia,Hato Corozal,6.1580435,-71.7613196,"Cra. 6, Hato Corozal, Casanare",,,https://lh3.googleusercontent.com/gps-cs-s/AHRPTWkivRCEHlg009xvkJ7i7X2nTFmACADorRSFjMVGNZTFaUnR0Iz3yGsiP0uRGgGQolhhHDNLHNVlqyfJSW5QZ_ErXehXZT2j2lH6MXDRuE0QKGGX65peTVAv1xooEKz8oMdMOSO9hQqzfQI=w408-h272-k-no,", Entrega a domicilio, "
SUPERVIVERES LA VID,Supermercado,Hato Corozal,6.1515001,-71.7695525,"Cra. 14 #2-05, Hato Corozal, Casanare",,,,", Entrega a domicilio, "
barrió los angeles,Tienda de alimentación,Hato Corozal,6.1514246,-71.7709763,"Yopal, Hato Corozal, Casanare",,,https://streetviewpixels-pa.googleapis.com/v1/thumbnail?panoid=zECo7VSHhExlv1ZitssCww&cb_client=search.gws-prod.gps&w=408&h=240&yaw=65.83755&pitch=0&thumbfov=100,", Entrega a domicilio, "
APIARIO EL COROZO,Tienda de alimentación,Hato Corozal,6.15158,-71.7697944,"Cl. 2 #13-2 a 13-114, Hato Corozal, Casanare",,,https://lh3.googleusercontent.com/gps-cs-s/AHRPTWkP29WinJaHUO68O0FLsAJUm1n6TJd3dhUJ5KeGb9gSq8O--ifhdxDKEU7KgVmVpN8ztSdF957HXoI5w2Capfy1jfEO2dKW3BYUDew8XkEjYJ9KE6qyBXji2UJ_DghUTjT4f1s59Q=w520-h240-k-no,", Entrega a domicilio, "
Carlos Arenas,Tienda de alimentación,Hato Corozal,6.1554728,-71.7719385,"Cl. 6 #16-75, Hato Corozal, Casanare",,,,
Finca California,Tienda de alimentación,Hato Corozal,6.1652972,-71.788176,"Hato Corozal, Casanare",311 5145948,,https://lh3.googleusercontent.com/gps-cs-s/AHRPTWnnjyc8Ae5KU86GLokDgB6RtdC-iPXS8OUJvU-XzqME4crvKEeFOcOKB0-OZf5opkmYrc50uLhLQv-tcq1hflC2KAvOahk0oo5lCh_QLy4Kg3UHK3d8D7oIE8znshpwIhkquqI0=w408-h408-k-no,
